timestamp,project_name,run_id,experiment_id,duration,emissions,emissions_rate,cpu_power,gpu_power,ram_power,cpu_energy,gpu_energy,ram_energy,energy_consumed,water_consumed,country_name,country_iso_code,region,cloud_provider,cloud_region,os,python_version,codecarbon_version,cpu_count,cpu_model,gpu_count,gpu_model,longitude,latitude,ram_total_size,tracking_mode,cpu_utilization_percent,gpu_utilization_percent,ram_utilization_percent,ram_used_gb,on_cloud,pue,wue
2026-06-05T14:41:39,postgres_insert_360p,9d28c2a0-c613-4c30-8cf8-35dcfb9decd0,5b0fa12a-3dd7-45bb-9766-cc326314d9f1,17.039726040093228,0.0001358216535467,7.970882467659836e-06,12.016167728865822,0.0,20.0,0.0001062805169687,0.0,9.465959902930384e-05,0.000200940115998,0.0,Indonesia,IDN,banten,,,Linux-6.8.0-117-generic-x86_64-with-glibc2.39,3.14.5,3.2.7,16,11th Gen Intel(R) Core(TM) i9-11900H @ 2.50GHz,0,,106.6731,-6.1088,30.98918533325196,machine,4.770588235294118,0,10.529411764705882,3.259257372687845,N,1.0,0.0
2026-06-05T14:41:48,postgres_retrieve_360p,9f24c2ad-1e66-4b6b-9fba-c10e347ad2f4,5b0fa12a-3dd7-45bb-9766-cc326314d9f1,5.543797947932035,5.507690659615587e-05,9.934869039861171e-06,5.485792564763217,0.0,20.0,5.068586110421047e-05,0.0,3.079716985036309e-05,8.148303095457356e-05,0.0,Indonesia,IDN,banten,,,Linux-6.8.0-117-generic-x86_64-with-glibc2.39,3.14.5,3.2.7,16,11th Gen Intel(R) Core(TM) i9-11900H @ 2.50GHz,0,,106.6731,-6.1088,30.98918533325196,machine,5.5600000000000005,0,10.24,3.166232299804688,N,1.0,0.0
2026-06-05T14:41:51,postgres_point_read_360p,d75d6b15-22eb-44fa-b683-f1d8b08a6c6c,5b0fa12a-3dd7-45bb-9766-cc326314d9f1,0.0346700327936559,2.1144505283260642e-07,6.098784333174821e-06,12.724669854085231,0.0,20.0,1.220870421009268e-07,0.0,1.907334274922808e-07,3.128204695932076e-07,0.0,Indonesia,IDN,jakarta,,,Linux-6.8.0-117-generic-x86_64-with-glibc2.39,3.14.5,3.2.7,16,11th Gen Intel(R) Core(TM) i9-11900H @ 2.50GHz,0,,106.8403,-6.2208,30.98918533325196,machine,0.0,0,0.0,0.0,N,1.0,0.0
2026-06-05T14:42:19,postgres_insert_480p,deb444e6-1fdb-44b6-9ad6-172bf45f3eba,5b0fa12a-3dd7-45bb-9766-cc326314d9f1,23.68828784697689,0.0001996334734702,8.427518052796413e-06,13.162357722133288,0.0,20.0,0.000163748050165,0.0,0.0001315978852488,0.0002953459354138,0.0,Indonesia,IDN,banten,,,Linux-6.8.0-117-generic-x86_64-with-glibc2.39,3.14.5,3.2.7,16,11th Gen Intel(R) Core(TM) i9-11900H @ 2.50GHz,0,,106.6731,-6.1088,30.98918533325196,machine,5.843478260869565,0,11.178260869565218,3.463910973590353,N,1.0,0.0
2026-06-05T14:42:32,postgres_retrieve_480p,f712e43f-dc50-4261-aea2-88a7252ae1d7,5b0fa12a-3dd7-45bb-9766-cc326314d9f1,9.61936644720845,9.376464612745848e-05,9.74748666058658e-06,3.191646022617208,0.0,20.0,8.528047600210586e-05,0.0,5.343878103368398e-05,0.0001387192570357,0.0,Indonesia,IDN,banten,,,Linux-6.8.0-117-generic-x86_64-with-glibc2.39,3.14.5,3.2.7,16,11th Gen Intel(R) Core(TM) i9-11900H @ 2.50GHz,0,,106.6731,-6.1088,30.98918533325196,machine,7.122222222222222,0,10.811111111111112,3.351643880208333,N,1.0,0.0
2026-06-05T14:42:36,postgres_point_read_480p,c7b86684-af1b-4510-ac38-4234e604fd51,5b0fa12a-3dd7-45bb-9766-cc326314d9f1,0.0396120250225067,2.560906803221544e-07,6.464973203885666e-06,14.625082996507665,0.0,20.0,1.604884617284475e-07,0.0,2.183825773600903e-07,3.788710390885377e-07,0.0,Indonesia,IDN,jakarta,,,Linux-6.8.0-117-generic-x86_64-with-glibc2.39,3.14.5,3.2.7,16,11th Gen Intel(R) Core(TM) i9-11900H @ 2.50GHz,0,,106.8403,-6.2208,30.98918533325196,machine,0.0,0,0.0,0.0,N,1.0,0.0
2026-06-05T14:43:36,postgres_insert_720p,f41dbb4b-4568-4d3f-b39e-3ea70c3c60bb,5b0fa12a-3dd7-45bb-9766-cc326314d9f1,55.91690985113382,0.0004701272915588,8.407605012695109e-06,19.021518103779133,0.0,20.0,0.000384883542351,0.0,0.000310642023955,0.000695525566306,0.0,Indonesia,IDN,banten,,,Linux-6.8.0-117-generic-x86_64-with-glibc2.39,3.14.5,3.2.7,16,11th Gen Intel(R) Core(TM) i9-11900H @ 2.50GHz,0,,106.6731,-6.1088,30.98918533325196,machine,6.858181818181818,0,12.789090909090907,3.964095861261541,N,1.0,0.0
2026-06-05T14:44:01,postgres_retrieve_720p,3ddb7e2f-a7e6-4be0-b017-73eab0f5384f,5b0fa12a-3dd7-45bb-9766-cc326314d9f1,21.412587078055367,0.0001975207039114,9.22451374938431e-06,15.760900182880086,0.0,20.0,0.000173265143612,0.0,0.000118955074001,0.000292220217613,0.0,Indonesia,IDN,banten,,,Linux-6.8.0-117-generic-x86_64-with-glibc2.39,3.14.5,3.2.7,16,11th Gen Intel(R) Core(TM) i9-11900H @ 2.50GHz,0,,106.6731,-6.1088,30.98918533325196,machine,8.752380952380953,0,12.014285714285714,3.7198569888160335,N,1.0,0.0
2026-06-05T14:44:04,postgres_point_read_720p,c706af1c-7ce5-46eb-a863-267af405f229,5b0fa12a-3dd7-45bb-9766-cc326314d9f1,0.0451650391332805,2.9624756519476017e-07,6.559223037990592e-06,15.093800386493864,0.0,20.0,1.888357066239985e-07,0.0,2.4944507232349783e-07,4.3828077894749634e-07,0.0,Indonesia,IDN,jakarta,,,Linux-6.8.0-117-generic-x86_64-with-glibc2.39,3.14.5,3.2.7,16,11th Gen Intel(R) Core(TM) i9-11900H @ 2.50GHz,0,,106.8403,-6.2208,30.98918533325196,machine,0.0,0,0.0,0.0,N,1.0,0.0
2026-06-05T14:46:14,postgres_insert_1080p,34ea9dac-5b7b-4dc9-b287-8275c84a0c53,5b0fa12a-3dd7-45bb-9766-cc326314d9f1,125.82941678795032,0.0010343846824814,8.220531485293096e-06,21.31971012875153,0.0,20.0,0.0008312757147422,0.0,0.0006990353413883,0.0015303110561306,0.0,Indonesia,IDN,jakarta,,,Linux-6.8.0-117-generic-x86_64-with-glibc2.39,3.14.5,3.2.7,16,11th Gen Intel(R) Core(TM) i9-11900H @ 2.50GHz,0,,106.8403,-6.2208,30.98918533325196,machine,6.868,0,16.524,5.121181854248047,N,1.0,0.0
2026-06-05T14:47:15,postgres_retrieve_1080p,a21a43fc-d80a-4d34-9d32-7300ebc19a3e,5b0fa12a-3dd7-45bb-9766-cc326314d9f1,56.76898569590412,0.0004724936533986,8.323094866087953e-06,19.08091316099514,0.0,20.0,0.0003836515158098,0.0,0.0003153749431017,0.0006990264589116,0.0,Indonesia,IDN,banten,,,Linux-6.8.0-117-generic-x86_64-with-glibc2.39,3.14.5,3.2.7,16,11th Gen Intel(R) Core(TM) i9-11900H @ 2.50GHz,0,,106.6731,-6.1088,30.98918533325196,machine,9.426785714285714,0,15.00357142857143,4.650086607251849,N,1.0,0.0
2026-06-05T14:47:18,postgres_point_read_1080p,8500f6d3-bed7-4e78-8c11-6ce637d0605c,5b0fa12a-3dd7-45bb-9766-cc326314d9f1,0.0597430330235511,4.478389592830862e-07,7.49608676724774e-06,20.10756390936833,0.0,20.0,3.326919328200916e-07,0.0,3.298593620355759e-07,6.625512948556674e-07,0.0,Indonesia,IDN,banten,,,Linux-6.8.0-117-generic-x86_64-with-glibc2.39,3.14.5,3.2.7,16,11th Gen Intel(R) Core(TM) i9-11900H @ 2.50GHz,0,,106.6731,-6.1088,30.98918533325196,machine,0.0,0,0.0,0.0,N,1.0,0.0
2026-06-05T14:51:16,postgres_insert_1440p,90c1dbbe-e7df-4de8-8181-1e267d821000,5b0fa12a-3dd7-45bb-9766-cc326314d9f1,233.51567767001688,0.0018396402175571,7.878015882757044e-06,20.66135129874113,0.0,20.0,0.0014245762482711,0.0,0.001297062820742,0.0027216390690132,0.0,Indonesia,IDN,banten,,,Linux-6.8.0-117-generic-x86_64-with-glibc2.39,3.14.5,3.2.7,16,11th Gen Intel(R) Core(TM) i9-11900H @ 2.50GHz,0,,106.6731,-6.1088,30.98918533325196,machine,6.89656652360515,0,21.283261802575108,6.596362494603759,N,1.0,0.0
2026-06-05T14:52:52,postgres_retrieve_1440p,691f6f75-3539-4845-9cf6-d6c47fdc6b08,5b0fa12a-3dd7-45bb-9766-cc326314d9f1,93.22755359183066,0.0007520075517983,8.066365820246258e-06,19.91380573401328,0.0,20.0,0.0005946324882056,0.0,0.0005179182777724,0.001112550765978,0.0,Indonesia,IDN,banten,,,Linux-6.8.0-117-generic-x86_64-with-glibc2.39,3.14.5,3.2.7,16,11th Gen Intel(R) Core(TM) i9-11900H @ 2.50GHz,0,,106.6731,-6.1088,30.98918533325196,machine,9.231521739130434,0,18.93369565217392,5.863352982894234,N,1.0,0.0
2026-06-05T14:52:56,postgres_point_read_1440p,e3efd6d5-550e-41af-8106-2e3c004b6f27,5b0fa12a-3dd7-45bb-9766-cc326314d9f1,0.0811547681223601,6.498450347126113e-07,8.007478177164099e-06,22.787642299469,0.0,20.0,5.128976325397341e-07,0.0,4.4850972222371234e-07,9.614073547634465e-07,0.0,Indonesia,IDN,jakarta,,,Linux-6.8.0-117-generic-x86_64-with-glibc2.39,3.14.5,3.2.7,16,11th Gen Intel(R) Core(TM) i9-11900H @ 2.50GHz,0,,106.8403,-6.2208,30.98918533325196,machine,0.0,0,0.0,0.0,N,1.0,0.0
2026-06-05T15:01:35,postgres_insert_4k,f36dc3a5-82ff-4ebd-ab00-a55dcb5519b1,5b0fa12a-3dd7-45bb-9766-cc326314d9f1,514.5552794679534,0.003992783528027,7.759678478385402e-06,20.76882289668581,0.0,20.0,0.003049119711516,0.0,0.0028579677397579,0.0059070874512739,0.0,Indonesia,IDN,jakarta,,,Linux-6.8.0-117-generic-x86_64-with-glibc2.39,3.14.5,3.2.7,16,11th Gen Intel(R) Core(TM) i9-11900H @ 2.50GHz,0,,106.8403,-6.2208,30.98918533325196,machine,6.896491228070175,0,33.938791423001945,10.522018440053245,N,1.0,0.0
2026-06-05T15:05:08,postgres_retrieve_4k,0c1d890e-c71e-4637-9997-aac42fd542ad,5b0fa12a-3dd7-45bb-9766-cc326314d9f1,209.14771043509245,0.001645938217825,7.869740550355683e-06,20.478738757895183,0.0,20.0,0.001273377631479,0.0,0.0011616907672555,0.0024350683987346,0.0,Indonesia,IDN,jakarta,,,Linux-6.8.0-117-generic-x86_64-with-glibc2.39,3.14.5,3.2.7,16,11th Gen Intel(R) Core(TM) i9-11900H @ 2.50GHz,0,,106.8403,-6.2208,30.98918533325196,machine,9.451923076923077,0,29.752403846153847,9.219794896932749,N,1.0,0.0
2026-06-05T15:05:11,postgres_point_read_4k,3b9327b4-50f1-4828-8e1b-2098bb453e61,5b0fa12a-3dd7-45bb-9766-cc326314d9f1,0.1462631910108029,1.2274278676482757e-06,8.391912272429622e-06,24.77122778532606,0.0,20.0,1.0056541378559644e-06,0.0,8.102529113077455e-07,1.8159070491637096e-06,0.0,Indonesia,IDN,banten,,,Linux-6.8.0-117-generic-x86_64-with-glibc2.39,3.14.5,3.2.7,16,11th Gen Intel(R) Core(TM) i9-11900H @ 2.50GHz,0,,106.6731,-6.1088,30.98918533325196,machine,0.0,0,0.0,0.0,N,1.0,0.0
2026-06-05T15:19:56,postgres_insert_5k,e128151f-f2a9-462d-9f70-857457a11843,5b0fa12a-3dd7-45bb-9766-cc326314d9f1,880.5721827780362,0.0068611078100439,7.791647231460866e-06,21.16835759936151,0.0,20.0,0.0052603749071854,0.0,0.0048902289414972,0.0101506038486826,0.0,Indonesia,IDN,banten,,,Linux-6.8.0-117-generic-x86_64-with-glibc2.39,3.14.5,3.2.7,16,11th Gen Intel(R) Core(TM) i9-11900H @ 2.50GHz,0,,106.6731,-6.1088,30.98918533325196,machine,6.78939566704675,0,44.14675028506271,13.685535365662526,N,1.0,0.0
2026-06-05T15:26:15,postgres_retrieve_5k,0b9a2877-59a7-42b7-a316-f884d54f7327,5b0fa12a-3dd7-45bb-9766-cc326314d9f1,375.4207814261317,0.0030035278583708,8.000430468875973e-06,21.77828090610878,0.0,20.0,0.0023586075193845,0.0,0.0020849345853138,0.0044435421046983,0.0,Indonesia,IDN,banten,,,Linux-6.8.0-117-generic-x86_64-with-glibc2.39,3.14.5,3.2.7,16,11th Gen Intel(R) Core(TM) i9-11900H @ 2.50GHz,0,,106.6731,-6.1088,30.98918533325196,machine,9.339142091152816,0,35.35630026809651,10.955767501135616,N,1.0,0.0
2026-06-05T15:26:19,postgres_point_read_5k,a4c14e32-ba6b-4e3d-941e-a92ca81c29c1,5b0fa12a-3dd7-45bb-9766-cc326314d9f1,0.2563153270166367,1.950575979107183e-06,7.610063751593662e-06,20.57736278231719,0.0,20.0,1.463959504502052e-06,0.0,1.4218024728405806e-06,2.8857619773426324e-06,0.0,Indonesia,IDN,banten,,,Linux-6.8.0-117-generic-x86_64-with-glibc2.39,3.14.5,3.2.7,16,11th Gen Intel(R) Core(TM) i9-11900H @ 2.50GHz,0,,106.6731,-6.1088,30.98918533325196,machine,0.0,0,0.0,0.0,N,1.0,0.0
2026-06-05T15:47:13,postgres_insert_6k,0db5b8e4-3d1e-4b32-8c0e-4ae7ac273098,5b0fa12a-3dd7-45bb-9766-cc326314d9f1,1249.0489195869304,0.0096338654204774,7.712960853177314e-06,20.87382268016936,0.0,20.0,0.0073202920206733,0.0,0.0069324429781318,0.0142527349988052,0.0,Indonesia,IDN,banten,,,Linux-6.8.0-117-generic-x86_64-with-glibc2.39,3.14.5,3.2.7,16,11th Gen Intel(R) Core(TM) i9-11900H @ 2.50GHz,0,,106.6731,-6.1088,30.98918533325196,machine,6.745410628019323,0,48.93027375201288,15.173127215841545,N,1.0,0.0
2026-06-05T15:56:12,postgres_retrieve_6k,dbc44ba6-fcd4-4527-85f4-d4b7b9820ba4,5b0fa12a-3dd7-45bb-9766-cc326314d9f1,536.2515681229997,0.0042721733295597,7.966733495089541e-06,21.91932219585069,0.0,20.0,0.0033434264275167,0.0,0.0029770017368369,0.0063204281643537,0.0,Indonesia,IDN,banten,,,Linux-6.8.0-117-generic-x86_64-with-glibc2.39,3.14.5,3.2.7,16,11th Gen Intel(R) Core(TM) i9-11900H @ 2.50GHz,0,,106.6731,-6.1088,30.98918533325196,machine,9.334896810506567,0,35.68330206378987,11.05825993178262,N,1.0,0.0
2026-06-05T15:56:16,postgres_point_read_6k,34d65f9b-a86f-490e-9d5d-b4f1da88b13c,5b0fa12a-3dd7-45bb-9766-cc326314d9f1,0.3273061530198902,2.5698157445781054e-06,7.851412877111233e-06,21.85757808564271,0.0,20.0,1.9858429775657105e-06,0.0,1.8160476659735043e-06,3.801890643539215e-06,0.0,Indonesia,IDN,banten,,,Linux-6.8.0-117-generic-x86_64-with-glibc2.39,3.14.5,3.2.7,16,11th Gen Intel(R) Core(TM) i9-11900H @ 2.50GHz,0,,106.6731,-6.1088,30.98918533325196,machine,0.0,0,0.0,0.0,N,1.0,0.0
2026-06-05T15:58:54,postgres_minio_insert_360p,64abb01a-f60b-4009-a1c6-6a4f11b2f41c,5b0fa12a-3dd7-45bb-9766-cc326314d9f1,144.04451730498113,0.0008359538212042,5.803440747656771e-06,9.96449072252239,0.0,20.0,0.0004365330450594,0.0,0.0008002112693813,0.0012367443144407,0.0,Indonesia,IDN,jakarta,,,Linux-6.8.0-117-generic-x86_64-with-glibc2.39,3.14.5,3.2.7,16,11th Gen Intel(R) Core(TM) i9-11900H @ 2.50GHz,0,,106.8403,-6.2208,30.98918533325196,machine,2.765734265734266,0,10.395804195804196,3.2217172475961537,N,1.0,0.0
2026-06-05T15:59:08,postgres_minio_retrieve_360p,9271cbe2-fd8c-46a1-97f6-fbf58e240a4d,5b0fa12a-3dd7-45bb-9766-cc326314d9f1,10.586622428847477,9.700701884275968e-05,9.163169792324449e-06,2.618573252809413,0.0,20.0,8.470433915230141e-05,0.0,5.881181684995277e-05,0.0001435161560022,0.0,Indonesia,IDN,jakarta,,,Linux-6.8.0-117-generic-x86_64-with-glibc2.39,3.14.5,3.2.7,16,11th Gen Intel(R) Core(TM) i9-11900H @ 2.50GHz,0,,106.8403,-6.2208,30.98918533325196,machine,7.290000000000001,0,10.32,3.20444450378418,N,1.0,0.0
2026-06-05T15:59:11,postgres_minio_point_read_360p,7fd7fc27-9e15-456a-944b-8ed226a0b50e,5b0fa12a-3dd7-45bb-9766-cc326314d9f1,0.0383274778723716,2.389860715943622e-07,6.23537171921858e-06,13.41447994917328,0.0,20.0,1.423473360989691e-07,0.0,2.112184444235431e-07,3.535657805225123e-07,0.0,Indonesia,IDN,banten,,,Linux-6.8.0-117-generic-x86_64-with-glibc2.39,3.14.5,3.2.7,16,11th Gen Intel(R) Core(TM) i9-11900H @ 2.50GHz,0,,106.6731,-6.1088,30.98918533325196,machine,0.0,0,0.0,0.0,N,1.0,0.0
2026-06-05T16:03:11,postgres_minio_insert_480p,8a3bb488-de89-4f6e-bca3-6f5b49c2b807,5b0fa12a-3dd7-45bb-9766-cc326314d9f1,235.7520689000376,0.0013912874432103,5.90148561453455e-06,10.796022532971843,0.0,20.0,0.0007486293927919,0.0,0.0013096982223201,0.002058327615112,0.0,Indonesia,IDN,jakarta,,,Linux-6.8.0-117-generic-x86_64-with-glibc2.39,3.14.5,3.2.7,16,11th Gen Intel(R) Core(TM) i9-11900H @ 2.50GHz,0,,106.8403,-6.2208,30.98918533325196,machine,1.581276595744681,0,10.410212765957446,3.22493058874252,N,1.0,0.0
2026-06-05T16:03:25,postgres_minio_retrieve_480p,6d318922-f096-480b-9465-5c04e7206c2d,5b0fa12a-3dd7-45bb-9766-cc326314d9f1,10.521841431036592,9.92034063062011e-05,9.42833124376669e-06,2.7469144650611046,0.0,20.0,8.831251064995299e-05,0.0,5.845307090526654e-05,0.0001467655815552,0.0,Indonesia,IDN,banten,,,Linux-6.8.0-117-generic-x86_64-with-glibc2.39,3.14.5,3.2.7,16,11th Gen Intel(R) Core(TM) i9-11900H @ 2.50GHz,0,,106.6731,-6.1088,30.98918533325196,machine,7.76,0,10.32,3.198659133911133,N,1.0,0.0
2026-06-05T16:03:29,postgres_minio_point_read_480p,736dde67-2f01-44c5-bcf3-473c326fcd70,5b0fa12a-3dd7-45bb-9766-cc326314d9f1,0.0521743050776422,2.8794196763474644e-07,5.518846244454067e-06,9.518509677537685,0.0,20.0,1.3768511014644602e-07,0.0,2.883080276660621e-07,4.259931378125081e-07,0.0,Indonesia,IDN,jakarta,,,Linux-6.8.0-117-generic-x86_64-with-glibc2.39,3.14.5,3.2.7,16,11th Gen Intel(R) Core(TM) i9-11900H @ 2.50GHz,0,,106.8403,-6.2208,30.98918533325196,machine,0.0,0,0.0,0.0,N,1.0,0.0
2026-06-05T16:07:53,postgres_minio_insert_720p,df3a3228-a033-4ce4-a610-a3d7466f6915,5b0fa12a-3dd7-45bb-9766-cc326314d9f1,259.9861113079824,0.0014738314061035,5.6688851519366135e-06,9.681549678833749,0.0,20.0,0.0007361385019658,0.0,0.0014443080319311,0.002180446533897,0.0,Indonesia,IDN,banten,,,Linux-6.8.0-117-generic-x86_64-with-glibc2.39,3.14.5,3.2.7,16,11th Gen Intel(R) Core(TM) i9-11900H @ 2.50GHz,0,,106.6731,-6.1088,30.98918533325196,machine,2.347104247104247,0,10.502316602316602,3.2544862459985446,N,1.0,0.0
2026-06-05T16:08:08,postgres_minio_retrieve_720p,38d2d768-71b5-4f99-ba63-6309e4e4a11b,5b0fa12a-3dd7-45bb-9766-cc326314d9f1,12.015718162991108,0.000113768019397,9.46826630366746e-06,2.3406711380035605,0.0,20.0,0.0001015606598595,0.0,6.675240670641263e-05,0.0001683130665659,0.0,Indonesia,IDN,banten,,,Linux-6.8.0-117-generic-x86_64-with-glibc2.39,3.14.5,3.2.7,16,11th Gen Intel(R) Core(TM) i9-11900H @ 2.50GHz,0,,106.6731,-6.1088,30.98918533325196,machine,8.058333333333334,0,10.308333333333334,3.195087114969889,N,1.0,0.0
2026-06-05T16:08:11,postgres_minio_point_read_720p,67a45c26-9358-4ada-83c1-d51c4a56b02e,5b0fa12a-3dd7-45bb-9766-cc326314d9f1,0.0477281690109521,2.949467231273511e-07,6.179720052945465e-06,13.03738169558278,0.0,20.0,1.7252597135294925e-07,0.0,2.638302885720299e-07,4.363562599249793e-07,0.0,Indonesia,IDN,banten,,,Linux-6.8.0-117-generic-x86_64-with-glibc2.39,3.14.5,3.2.7,16,11th Gen Intel(R) Core(TM) i9-11900H @ 2.50GHz,0,,106.6731,-6.1088,30.98918533325196,machine,0.0,0,0.0,0.0,N,1.0,0.0
2026-06-05T16:13:19,postgres_minio_insert_1080p,898ae8fc-fec4-4303-ad20-62cee0c2b449,5b0fa12a-3dd7-45bb-9766-cc326314d9f1,303.5527223988902,0.0017061489594412,5.620601739157578e-06,9.507129276117096,0.0,20.0,0.0008378050916324,0.0,0.0016863415438099,0.0025241466354424,0.0,Indonesia,IDN,banten,,,Linux-6.8.0-117-generic-x86_64-with-glibc2.39,3.14.5,3.2.7,16,11th Gen Intel(R) Core(TM) i9-11900H @ 2.50GHz,0,,106.6731,-6.1088,30.98918533325196,machine,2.9663366336633663,0,10.528052805280527,3.2617668554727786,N,1.0,0.0
2026-06-05T16:13:38,postgres_minio_retrieve_1080p,5f327cba-98f5-4c19-9280-3e7db51aab82,5b0fa12a-3dd7-45bb-9766-cc326314d9f1,15.496763875940816,0.0001460778526314,9.426345642280775e-06,16.23482984312,0.0,20.0,0.0001300247784641,0.0,8.608877843944357e-05,0.0002161135569036,0.0,Indonesia,IDN,banten,,,Linux-6.8.0-117-generic-x86_64-with-glibc2.39,3.14.5,3.2.7,16,11th Gen Intel(R) Core(TM) i9-11900H @ 2.50GHz,0,,106.6731,-6.1088,30.98918533325196,machine,9.793333333333331,0,10.4,3.220325978597005,N,1.0,0.0
2026-06-05T16:13:41,postgres_minio_point_read_1080p,ea8055c5-5aa7-46eb-94f9-588a42c8af63,5b0fa12a-3dd7-45bb-9766-cc326314d9f1,0.0495169290807098,3.050018016738933e-07,6.159545984298772e-06,13.03681185735996,0.0,20.0,1.7896847651077685e-07,0.0,2.722636783599026e-07,4.512321548706794e-07,0.0,Indonesia,IDN,banten,,,Linux-6.8.0-117-generic-x86_64-with-glibc2.39,3.14.5,3.2.7,16,11th Gen Intel(R) Core(TM) i9-11900H @ 2.50GHz,0,,106.6731,-6.1088,30.98918533325196,machine,0.0,0,0.0,0.0,N,1.0,0.0
2026-06-05T16:19:04,postgres_minio_insert_1440p,a6ca8049-e78a-414f-b07f-69f08826d846,5b0fa12a-3dd7-45bb-9766-cc326314d9f1,318.0567982420325,0.001840164010655,5.785645899807928e-06,10.368660981656706,0.0,20.0,0.0009555254924753,0.0,0.0017668884974956,0.0027224139899709,0.0,Indonesia,IDN,banten,,,Linux-6.8.0-117-generic-x86_64-with-glibc2.39,3.14.5,3.2.7,16,11th Gen Intel(R) Core(TM) i9-11900H @ 2.50GHz,0,,106.6731,-6.1088,30.98918533325196,machine,3.022712933753944,0,10.455520504731862,3.2398949511795765,N,1.0,0.0
2026-06-05T16:19:27,postgres_minio_retrieve_1440p,bd65d95d-b792-4330-8f1c-bd32ed1c86c7,5b0fa12a-3dd7-45bb-9766-cc326314d9f1,20.218099762918428,0.0001945685858641,9.62348530008571e-06,16.67330888656674,0.0,20.0,0.000175533172093,0.0,0.0001123195611949,0.000287852733288,0.0,Indonesia,IDN,banten,,,Linux-6.8.0-117-generic-x86_64-with-glibc2.39,3.14.5,3.2.7,16,11th Gen Intel(R) Core(TM) i9-11900H @ 2.50GHz,0,,106.6731,-6.1088,30.98918533325196,machine,10.385,0,10.325,3.206951713562012,N,1.0,0.0
2026-06-05T16:19:31,postgres_minio_point_read_1440p,4a4772a0-a854-42f4-a656-3fab75d6a9f5,5b0fa12a-3dd7-45bb-9766-cc326314d9f1,0.049880385864526,3.0512799172783905e-07,6.11719389173451e-06,12.72222094652978,0.0,20.0,1.7588264070861337e-07,0.0,2.755362048952116e-07,4.51418845603825e-07,0.0,Indonesia,IDN,banten,,,Linux-6.8.0-117-generic-x86_64-with-glibc2.39,3.14.5,3.2.7,16,11th Gen Intel(R) Core(TM) i9-11900H @ 2.50GHz,0,,106.6731,-6.1088,30.98918533325196,machine,0.0,0,0.0,0.0,N,1.0,0.0
2026-06-05T16:25:55,postgres_minio_insert_4k,ffa6afeb-893f-4148-90ff-8671d616ca1e,5b0fa12a-3dd7-45bb-9766-cc326314d9f1,379.5405575442128,0.0023197275601788,6.11193590268324e-06,12.109039086503945,0.0,20.0,0.0013234000584414,0.0,0.0021084998842729,0.0034318999427144,0.0,Indonesia,IDN,jakarta,,,Linux-6.8.0-117-generic-x86_64-with-glibc2.39,3.14.5,3.2.7,16,11th Gen Intel(R) Core(TM) i9-11900H @ 2.50GHz,0,,106.8403,-6.2208,30.98918533325196,machine,3.678627968337731,0,10.50395778364116,3.253838179293912,N,1.0,0.0
2026-06-05T16:26:28,postgres_minio_retrieve_4k,230befa4-137e-433d-b0cd-ab303d35116e,5b0fa12a-3dd7-45bb-9766-cc326314d9f1,29.96980719687417,0.0003080500609814,1.027868010487498e-05,18.39390178673841,0.0,20.0,0.0002892462491745,0.0,0.0001664956253384,0.000455741874513,0.0,Indonesia,IDN,banten,,,Linux-6.8.0-117-generic-x86_64-with-glibc2.39,3.14.5,3.2.7,16,11th Gen Intel(R) Core(TM) i9-11900H @ 2.50GHz,0,,106.6731,-6.1088,30.98918533325196,machine,11.2,0,10.413793103448276,3.224932571937298,N,1.0,0.0
2026-06-05T16:26:32,postgres_minio_point_read_4k,7ca8998b-5623-48b2-bdbc-54f413d1f8b5,5b0fa12a-3dd7-45bb-9766-cc326314d9f1,0.0574384999927133,3.628335866746257e-07,6.316905676865774e-06,13.89159609533742,0.0,20.0,2.2082823221414305e-07,0.0,3.1596263353195453e-07,5.367908657460976e-07,0.0,Indonesia,IDN,jakarta,,,Linux-6.8.0-117-generic-x86_64-with-glibc2.39,3.14.5,3.2.7,16,11th Gen Intel(R) Core(TM) i9-11900H @ 2.50GHz,0,,106.8403,-6.2208,30.98918533325196,machine,0.0,0,0.0,0.0,N,1.0,0.0
2026-06-05T16:37:47,postgres_minio_insert_5k,156a1682-89d4-4374-a8fb-7913db67537d,5b0fa12a-3dd7-45bb-9766-cc326314d9f1,671.2398372339085,0.0046662467694177,6.951683303909258e-06,16.67593118498153,0.0,20.0,0.0031744383659375,0.0,0.0037289981821978,0.0069034365481354,0.0,Indonesia,IDN,banten,,,Linux-6.8.0-117-generic-x86_64-with-glibc2.39,3.14.5,3.2.7,16,11th Gen Intel(R) Core(TM) i9-11900H @ 2.50GHz,0,,106.6731,-6.1088,30.98918533325196,machine,3.2049180327868854,0,10.574962742175858,3.2768561452760427,N,1.0,0.0
2026-06-05T16:38:32,postgres_minio_retrieve_5k,6185cec8-8be1-4b1d-8e86-d54e785dc94f,5b0fa12a-3dd7-45bb-9766-cc326314d9f1,41.01284052804112,0.0004469010889937,1.0896613919931797e-05,26.05194506318228,0.0,20.0,0.0004333206349895,0.0,0.0002278431361554,0.0006611637711449,0.0,Indonesia,IDN,banten,,,Linux-6.8.0-117-generic-x86_64-with-glibc2.39,3.14.5,3.2.7,16,11th Gen Intel(R) Core(TM) i9-11900H @ 2.50GHz,0,,106.6731,-6.1088,30.98918533325196,machine,12.185,0,10.6325,3.2930466651916506,N,1.0,0.0
2026-06-05T16:38:35,postgres_minio_point_read_5k,1e3305f4-7d94-463e-a0f9-64be0d01ebe2,5b0fa12a-3dd7-45bb-9766-cc326314d9f1,0.0649035878013819,4.5372764381292653e-07,6.9907944873775625e-06,17.4785001844496,0.0,20.0,3.134658063258522e-07,0.0,3.577974495581455e-07,6.712632558839977e-07,0.0,Indonesia,IDN,jakarta,,,Linux-6.8.0-117-generic-x86_64-with-glibc2.39,3.14.5,3.2.7,16,11th Gen Intel(R) Core(TM) i9-11900H @ 2.50GHz,0,,106.8403,-6.2208,30.98918533325196,machine,0.0,0,0.0,0.0,N,1.0,0.0
2026-06-05T16:51:44,postgres_minio_insert_6k,964c4de4-b604-46d8-8ded-ce8d2db2b57a,5b0fa12a-3dd7-45bb-9766-cc326314d9f1,783.1625474540051,0.0054261460597523,6.928505554041524e-06,16.605129443432613,0.0,20.0,0.0036768740048301,0.0,0.0043507886704316,0.0080276626752617,0.0,Indonesia,IDN,jakarta,,,Linux-6.8.0-117-generic-x86_64-with-glibc2.39,3.14.5,3.2.7,16,11th Gen Intel(R) Core(TM) i9-11900H @ 2.50GHz,0,,106.8403,-6.2208,30.98918533325196,machine,3.696547314578005,0,10.610613810741688,3.285719825178766,N,1.0,0.0
2026-06-05T16:52:48,postgres_minio_retrieve_6k,b05576df-92b8-4b45-80b3-f4a85dbc2a65,5b0fa12a-3dd7-45bb-9766-cc326314d9f1,60.166001016041264,0.0006452556906404,1.0724589963498728e-05,30.2499697117023,0.0,20.0,0.0006203767496343,0.0,0.0003342409415804,0.0009546176912147,0.0,Indonesia,IDN,jakarta,,,Linux-6.8.0-117-generic-x86_64-with-glibc2.39,3.14.5,3.2.7,16,11th Gen Intel(R) Core(TM) i9-11900H @ 2.50GHz,0,,106.8403,-6.2208,30.98918533325196,machine,11.8,0,10.505,3.257816123962402,N,1.0,0.0
2026-06-05T16:52:51,postgres_minio_point_read_6k,3687e798-21fe-4372-bff6-31547aeebfa6,5b0fa12a-3dd7-45bb-9766-cc326314d9f1,0.0690362539608031,5.527553087434451e-07,8.00673960463272e-06,22.796122032926466,0.0,20.0,4.3638368244641734e-07,0.0,3.813851560052071e-07,8.177688384516245e-07,0.0,Indonesia,IDN,banten,,,Linux-6.8.0-117-generic-x86_64-with-glibc2.39,3.14.5,3.2.7,16,11th Gen Intel(R) Core(TM) i9-11900H @ 2.50GHz,0,,106.6731,-6.1088,30.98918533325196,machine,0.0,0,0.0,0.0,N,1.0,0.0
2026-06-05T16:53:13,mongodb_insert_360p,71cdd515-8f81-47eb-9ad9-80fd09e951a8,5b0fa12a-3dd7-45bb-9766-cc326314d9f1,3.337667253101245,2.707308362186566e-05,8.111378866994693e-06,5.801071905339493,0.0,20.0,2.1512193043082828e-05,0.0,1.854083547886047e-05,4.00530285219433e-05,0.0,Indonesia,IDN,jakarta,,,Linux-6.8.0-117-generic-x86_64-with-glibc2.39,3.14.5,3.2.7,16,11th Gen Intel(R) Core(TM) i9-11900H @ 2.50GHz,0,,106.8403,-6.2208,30.98918533325196,machine,4.9,0,11.5,3.557109832763672,N,1.0,0.0
2026-06-05T16:53:18,mongodb_retrieve_360p,5110328f-da86-436e-883e-3e3533386cf6,5b0fa12a-3dd7-45bb-9766-cc326314d9f1,1.5113690509460866,1.2924721347981942e-05,8.55166469095773e-06,12.776623855516188,0.0,20.0,1.072687608149464e-05,0.0,8.394485933240503e-06,1.9121362014735143e-05,0.0,Indonesia,IDN,banten,,,Linux-6.8.0-117-generic-x86_64-with-glibc2.39,3.14.5,3.2.7,16,11th Gen Intel(R) Core(TM) i9-11900H @ 2.50GHz,0,,106.6731,-6.1088,30.98918533325196,machine,3.1,0,12.6,3.894809722900391,N,1.0,0.0
2026-06-05T16:53:22,mongodb_point_read_360p,051edecf-3bca-453c-a091-a47ac802e7fc,5b0fa12a-3dd7-45bb-9766-cc326314d9f1,0.0280873160809278,1.4013184527360953e-07,4.989150436084684e-06,7.352053148458637,0.0,20.0,5.6796434333428194e-08,0.0,1.505203558028572e-07,2.0731679013628539e-07,0.0,Indonesia,IDN,jakarta,,,Linux-6.8.0-117-generic-x86_64-with-glibc2.39,3.14.5,3.2.7,16,11th Gen Intel(R) Core(TM) i9-11900H @ 2.50GHz,0,,106.8403,-6.2208,30.98918533325196,machine,0.0,0,0.0,0.0,N,1.0,0.0
2026-06-05T16:53:33,mongodb_insert_480p,888f2aad-47ea-46fd-8e78-55c16f150fd1,5b0fa12a-3dd7-45bb-9766-cc326314d9f1,5.094326921971515,4.4277198407830194e-05,8.691471726493522e-06,4.382142382597031,0.0,20.0,3.720576198680548e-05,0.0,2.829973843828257e-05,6.550550042508805e-05,0.0,Indonesia,IDN,banten,,,Linux-6.8.0-117-generic-x86_64-with-glibc2.39,3.14.5,3.2.7,16,11th Gen Intel(R) Core(TM) i9-11900H @ 2.50GHz,0,,106.6731,-6.1088,30.98918533325196,machine,6.4,0,13.46,4.172800445556641,N,1.0,0.0
2026-06-05T16:53:39,mongodb_retrieve_480p,26c1a177-9219-4e2b-b30d-834e79576ef4,5b0fa12a-3dd7-45bb-9766-cc326314d9f1,3.360592862125486,2.9766071548488985e-05,8.857387005715037e-06,6.794459887517824,0.0,20.0,2.536937057325689e-05,0.0,1.866777456210305e-05,4.4037145135359946e-05,0.0,Indonesia,IDN,banten,,,Linux-6.8.0-117-generic-x86_64-with-glibc2.39,3.14.5,3.2.7,16,11th Gen Intel(R) Core(TM) i9-11900H @ 2.50GHz,0,,106.6731,-6.1088,30.98918533325196,machine,5.066666666666666,0,14.033333333333331,4.350084940592448,N,1.0,0.0
2026-06-05T16:53:43,mongodb_point_read_480p,114c65b0-5349-4dc4-937f-5f060a8c4c03,5b0fa12a-3dd7-45bb-9766-cc326314d9f1,0.0305123950820416,1.5987315312771565e-07,5.23961336689071e-06,8.273860016124235,0.0,20.0,6.963088904077265e-08,0.0,1.668920003188153e-07,2.36522889359588e-07,0.0,Indonesia,IDN,banten,,,Linux-6.8.0-117-generic-x86_64-with-glibc2.39,3.14.5,3.2.7,16,11th Gen Intel(R) Core(TM) i9-11900H @ 2.50GHz,0,,106.6731,-6.1088,30.98918533325196,machine,0.0,0,0.0,0.0,N,1.0,0.0
2026-06-05T16:54:01,mongodb_insert_720p,54917939-da06-4cfa-a472-c486680c85b9,5b0fa12a-3dd7-45bb-9766-cc326314d9f1,14.20237253117375,0.0001231919024193,8.674036830744103e-06,1.7465686816378838,0.0,20.0,0.0001033550054617,0.0,7.890013954472832e-05,0.0001822551450064,0.0,Indonesia,IDN,jakarta,,,Linux-6.8.0-117-generic-x86_64-with-glibc2.39,3.14.5,3.2.7,16,11th Gen Intel(R) Core(TM) i9-11900H @ 2.50GHz,0,,106.8403,-6.2208,30.98918533325196,machine,6.678571428571429,0,15.19285714285714,4.707187380109515,N,1.0,0.0
2026-06-05T16:54:13,mongodb_retrieve_720p,2f72e08e-cabd-4707-bc16-ff2e51c423bd,5b0fa12a-3dd7-45bb-9766-cc326314d9f1,8.359536617994308,7.081960353454892e-05,8.471714016074323e-06,2.791280799306986,0.0,20.0,5.833343416671022e-05,0.0,4.64399872839244e-05,0.0001047734214506,0.0,Indonesia,IDN,banten,,,Linux-6.8.0-117-generic-x86_64-with-glibc2.39,3.14.5,3.2.7,16,11th Gen Intel(R) Core(TM) i9-11900H @ 2.50GHz,0,,106.6731,-6.1088,30.98918533325196,machine,6.9,0,16.575,5.130497932434082,N,1.0,0.0
2026-06-05T16:54:16,mongodb_point_read_720p,674f2751-849b-4d0c-aeeb-099b60f3fabd,5b0fa12a-3dd7-45bb-9766-cc326314d9f1,0.0391358640044927,2.405623088262734e-07,6.1468505920466485e-06,13.425720451394806,0.0,20.0,1.4353400371036606e-07,0.0,2.123637267181443e-07,3.558977304285104e-07,0.0,Indonesia,IDN,banten,,,Linux-6.8.0-117-generic-x86_64-with-glibc2.39,3.14.5,3.2.7,16,11th Gen Intel(R) Core(TM) i9-11900H @ 2.50GHz,0,,106.6731,-6.1088,30.98918533325196,machine,0.0,0,0.0,0.0,N,1.0,0.0
2026-06-05T16:54:54,mongodb_insert_1080p,d2c477b9-a7d6-4b13-aa4a-4b3a3a10695b,5b0fa12a-3dd7-45bb-9766-cc326314d9f1,33.36707490403205,0.0002879725620992,8.630440724202462e-06,17.880186204671208,0.0,20.0,0.0002406716244815,0.0,0.0001853667760345,0.0004260384005161,0.0,Indonesia,IDN,banten,,,Linux-6.8.0-117-generic-x86_64-with-glibc2.39,3.14.5,3.2.7,16,11th Gen Intel(R) Core(TM) i9-11900H @ 2.50GHz,0,,106.6731,-6.1088,30.98918533325196,machine,6.996969696969697,0,16.85151515151515,5.220643361409505,N,1.0,0.0
2026-06-05T16:55:18,mongodb_retrieve_1080p,5f1b91d8-4824-4b6f-9ca5-dc87519275cc,5b0fa12a-3dd7-45bb-9766-cc326314d9f1,20.4112556099426,0.0001689514325473,8.277365967874099e-06,12.926444478499349,0.0,20.0,0.000136562022305,0.0,0.000113391645373,0.000249953667678,0.0,Indonesia,IDN,banten,,,Linux-6.8.0-117-generic-x86_64-with-glibc2.39,3.14.5,3.2.7,16,11th Gen Intel(R) Core(TM) i9-11900H @ 2.50GHz,0,,106.6731,-6.1088,30.98918533325196,machine,8.015,0,20.86,6.465097808837891,N,1.0,0.0
2026-06-05T16:55:21,mongodb_point_read_1080p,e7a7c242-468e-4c77-936a-44b26a53a9f9,5b0fa12a-3dd7-45bb-9766-cc326314d9f1,0.052023772150278,3.849275667743435e-07,7.39907067220011e-06,19.68591262507085,0.0,20.0,2.831518931822874e-07,0.0,2.863257114465038e-07,5.694776046287912e-07,0.0,Indonesia,IDN,banten,,,Linux-6.8.0-117-generic-x86_64-with-glibc2.39,3.14.5,3.2.7,16,11th Gen Intel(R) Core(TM) i9-11900H @ 2.50GHz,0,,106.6731,-6.1088,30.98918533325196,machine,0.0,0,0.0,0.0,N,1.0,0.0
2026-06-05T16:56:56,mongodb_insert_1440p,41270ea9-cc00-4c85-a2a5-4d525dac5745,5b0fa12a-3dd7-45bb-9766-cc326314d9f1,90.04063531686552,0.0007535136040166,8.368594927889572e-06,21.853754905064243,0.0,20.0,0.0006145649244293,0.0,0.0005002139568716,0.001114778881301,0.0,Indonesia,IDN,jakarta,,,Linux-6.8.0-117-generic-x86_64-with-glibc2.39,3.14.5,3.2.7,16,11th Gen Intel(R) Core(TM) i9-11900H @ 2.50GHz,0,,106.8403,-6.2208,30.98918533325196,machine,7.105617977528089,0,22.376404494382022,6.934313570515493,N,1.0,0.0
2026-06-05T16:57:41,mongodb_retrieve_1440p,d4fadc3e-dc92-4282-8987-c2a501b90c35,5b0fa12a-3dd7-45bb-9766-cc326314d9f1,36.41575182718225,0.0002945340794533,8.08809552665899e-06,16.044872531878443,0.0,20.0,0.0002334508728716,0.0,0.0002022949051047,0.0004357457779763,0.0,Indonesia,IDN,banten,,,Linux-6.8.0-117-generic-x86_64-with-glibc2.39,3.14.5,3.2.7,16,11th Gen Intel(R) Core(TM) i9-11900H @ 2.50GHz,0,,106.6731,-6.1088,30.98918533325196,machine,7.888888888888889,0,30.341666666666665,9.401913536919489,N,1.0,0.0
2026-06-05T16:57:44,mongodb_point_read_1440p,30106869-9b82-435c-8485-38240172b9fc,5b0fa12a-3dd7-45bb-9766-cc326314d9f1,0.0631595500744879,5.408826002045297e-07,8.563750051522435e-06,25.82861197852733,0.0,20.0,4.5167619466823794e-07,0.0,3.485276725971037e-07,8.002038672653417e-07,0.0,Indonesia,IDN,banten,,,Linux-6.8.0-117-generic-x86_64-with-glibc2.39,3.14.5,3.2.7,16,11th Gen Intel(R) Core(TM) i9-11900H @ 2.50GHz,0,,106.6731,-6.1088,30.98918533325196,machine,0.0,0,0.0,0.0,N,1.0,0.0
2026-06-05T17:08:24,mongodb_insert_4k,e12d0924-bd53-410c-9d6f-4a11d0df532a,5b0fa12a-3dd7-45bb-9766-cc326314d9f1,635.2510959629435,0.005061878627602,7.968311522436694e-06,21.955093399417297,0.0,20.0,0.003959673969681,0.0,0.0035290765501235,0.0074887505198046,0.0,Indonesia,IDN,jakarta,,,Linux-6.8.0-117-generic-x86_64-with-glibc2.39,3.14.5,3.2.7,16,11th Gen Intel(R) Core(TM) i9-11900H @ 2.50GHz,0,,106.8403,-6.2208,30.98918533325196,machine,7.086908517350159,0,41.85646687697161,12.970619670976223,N,1.0,0.0
2026-06-05T17:09:50,mongodb_retrieve_4k,6f292ae3-54dc-42a1-b2c9-b997cfd56b82,5b0fa12a-3dd7-45bb-9766-cc326314d9f1,82.01876166788861,0.0006760587709697,8.242733213983643e-06,20.25761901835609,0.0,20.0,0.0005445428884117,0.0,0.0004556461411929,0.0010001890296046,0.0,Indonesia,IDN,banten,,,Linux-6.8.0-117-generic-x86_64-with-glibc2.39,3.14.5,3.2.7,16,11th Gen Intel(R) Core(TM) i9-11900H @ 2.50GHz,0,,106.6731,-6.1088,30.98918533325196,machine,8.271604938271604,0,50.59506172839506,15.679019221553096,N,1.0,0.0
2026-06-05T17:10:04,mongodb_point_read_4k,49cd95e2-8e06-424c-9ab9-2d0a20eaa6ec,5b0fa12a-3dd7-45bb-9766-cc326314d9f1,0.183540663914755,1.6000109495332603e-06,8.717473912355364e-06,26.48038219352015,0.0,20.0,1.3491966349074569e-06,0.0,1.0179250824472143e-06,2.367121717354671e-06,0.0,Indonesia,IDN,banten,,,Linux-6.8.0-117-generic-x86_64-with-glibc2.39,3.14.5,3.2.7,16,11th Gen Intel(R) Core(TM) i9-11900H @ 2.50GHz,0,,106.6731,-6.1088,30.98918533325196,machine,0.0,0,0.0,0.0,N,1.0,0.0
2026-06-05T17:35:12,mongodb_insert_5k,2aec0ec2-0843-4af1-9346-8138e1a93dc0,5b0fa12a-3dd7-45bb-9766-cc326314d9f1,1503.6387797009666,0.011667588998437,7.75956909062789e-06,21.130953026033456,0.0,20.0,0.0089083411530561,0.0,0.0083531677856329,0.017261508938689,0.0,Indonesia,IDN,banten,,,Linux-6.8.0-117-generic-x86_64-with-glibc2.39,3.14.5,3.2.7,16,11th Gen Intel(R) Core(TM) i9-11900H @ 2.50GHz,0,,106.6731,-6.1088,30.98918533325196,machine,6.946338215712383,0,76.86311584553928,23.81933539399453,N,1.0,0.0
2026-06-05T17:39:09,mongodb_retrieve_5k,66955beb-6a63-42c5-9535-0fd0acf88143,5b0fa12a-3dd7-45bb-9766-cc326314d9f1,231.93730991194025,0.0018924086857365,8.15913871922999e-06,22.10526456516387,0.0,20.0,0.0015112541387245,0.0,0.0012884527629215,0.0027997069016461,0.0,Indonesia,IDN,jakarta,,,Linux-6.8.0-117-generic-x86_64-with-glibc2.39,3.14.5,3.2.7,16,11th Gen Intel(R) Core(TM) i9-11900H @ 2.50GHz,0,,106.8403,-6.2208,30.98918533325196,machine,7.393073593073593,0,86.14415584415585,26.695893886285425,N,1.0,0.0
2026-06-05T17:39:18,mongodb_point_read_5k,fc2bf456-0814-4b09-9f34-f30562efcea0,5b0fa12a-3dd7-45bb-9766-cc326314d9f1,0.5119680119678378,4.413630976332809e-06,8.620911606114321e-06,25.93793270694305,0.0,20.0,3.687585172287844e-06,0.0,2.842121227230463e-06,6.529706399518307e-06,0.0,Indonesia,IDN,banten,,,Linux-6.8.0-117-generic-x86_64-with-glibc2.39,3.14.5,3.2.7,16,11th Gen Intel(R) Core(TM) i9-11900H @ 2.50GHz,0,,106.6731,-6.1088,30.98918533325196,machine,0.0,0,0.0,0.0,N,1.0,0.0
2026-06-05T17:39:29,mongodb_insert_6k,3ee6eef7-6276-4198-b524-79d4f5529929,5b0fa12a-3dd7-45bb-9766-cc326314d9f1,6.399325476959348,4.813092070589365e-05,7.521249056511992e-06,3.3432666646899203,0.0,20.0,3.565708241452803e-05,0.0,3.554977258382779e-05,7.120685499835582e-05,0.0,Indonesia,IDN,jakarta,,,Linux-6.8.0-117-generic-x86_64-with-glibc2.39,3.14.5,3.2.7,16,11th Gen Intel(R) Core(TM) i9-11900H @ 2.50GHz,0,,106.8403,-6.2208,30.989185333251957,machine,6.6,0,88.55,27.47838020324707,N,1.0,0.0
2026-06-05T17:39:40,mongodb_insert_6k,00ab0621-0a79-47ad-bd50-6f5672ddd685,5b0fa12a-3dd7-45bb-9766-cc326314d9f1,6.178420094074681,4.700514886998998e-05,7.607956104355795e-06,3.4206471836672523,0.0,20.0,3.522242817791815e-05,0.0,3.431891386733494e-05,6.95413420452531e-05,0.0,Indonesia,IDN,jakarta,,,Linux-6.8.0-117-generic-x86_64-with-glibc2.39,3.14.5,3.2.7,16,11th Gen Intel(R) Core(TM) i9-11900H @ 2.50GHz,0,,106.8403,-6.2208,30.989185333251953,machine,6.3,0,92.4,28.50924301147461,N,1.0,0.0
