timestamp,project_name,run_id,experiment_id,duration,emissions,emissions_rate,cpu_power,gpu_power,ram_power,cpu_energy,gpu_energy,ram_energy,energy_consumed,water_consumed,country_name,country_iso_code,region,cloud_provider,cloud_region,os,python_version,codecarbon_version,cpu_count,cpu_model,gpu_count,gpu_model,longitude,latitude,ram_total_size,tracking_mode,cpu_utilization_percent,gpu_utilization_percent,ram_utilization_percent,ram_used_gb,on_cloud,pue,wue
2026-08-18T00:09:01,postgres_insert_360p,b50f6a16-0a22-4a77-9d6b-51556bbe14c0,5b0fa12a-3dd7-45bb-9766-cc326314d9f1,20.247180479000235,8.700231529246856e-05,4.297008928364359e-06,6.9414832004002776,0.0,10.0,7.247564492491448e-05,0.0,5.623914296389154e-05,0.0001287147878888,0.0,Indonesia,IDN,west java,,,Linux-6.8.0-90-generic-x86_64-with-glibc2.39,3.14.7,3.2.7,8,11th Gen Intel(R) Core(TM) i7-1165G7 @ 2.80GHz,0,,106.9618,-6.2354,15.295108795166016,machine,10.23,0,38.865,5.94536018371582,N,1.0,0.0
2026-08-18T00:09:11,postgres_retrieve_360p,6d33830d-206d-4182-a6af-61a347b2c6aa,5b0fa12a-3dd7-45bb-9766-cc326314d9f1,6.21382570300193,3.6656785918634624e-05,5.899229825665298e-06,3.060043925410376,0.0,10.0,3.697192985530062e-05,0.0,1.7259620286111183e-05,5.4231550141411806e-05,0.0,Indonesia,IDN,jakarta,,,Linux-6.8.0-90-generic-x86_64-with-glibc2.39,3.14.7,3.2.7,8,11th Gen Intel(R) Core(TM) i7-1165G7 @ 2.80GHz,0,,106.818,-6.1992,15.295108795166016,machine,15.166666666666666,0,38.5,5.886360804239909,N,1.0,0.0
2026-08-18T00:09:14,postgres_point_read_360p,1583ca41-c3ba-4d14-99c9-743ab13cf053,5b0fa12a-3dd7-45bb-9766-cc326314d9f1,0.0370959309984755,1.4256442120001142e-07,3.843128272097287e-06,10.591144055897947,0.0,10.0,1.0877814257681528e-07,0.0,1.021374999961861e-07,2.1091564257300138e-07,0.0,Indonesia,IDN,jakarta,,,Linux-6.8.0-90-generic-x86_64-with-glibc2.39,3.14.7,3.2.7,8,11th Gen Intel(R) Core(TM) i7-1165G7 @ 2.80GHz,0,,106.818,-6.1992,15.295108795166016,machine,0.0,0,0.0,0.0,N,1.0,0.0
2026-08-18T00:09:58,postgres_insert_480p,cc1f8310-344c-4ffa-b185-cc3623d599e9,5b0fa12a-3dd7-45bb-9766-cc326314d9f1,39.63373417699768,0.0001458780486001,3.6806536560170633e-06,6.747531428654935,0.0,10.0,0.0001057282006936,0.0,0.0001100897579444,0.000215817958638,0.0,Indonesia,IDN,west java,,,Linux-6.8.0-90-generic-x86_64-with-glibc2.39,3.14.7,3.2.7,8,11th Gen Intel(R) Core(TM) i7-1165G7 @ 2.80GHz,0,,106.9618,-6.2354,15.295108795166016,machine,17.82051282051282,0,40.148717948717945,6.141488295335036,N,1.0,0.0
2026-08-18T00:10:19,postgres_retrieve_480p,ed550e40-fc6e-4a41-aa7e-8ae91890c9cc,5b0fa12a-3dd7-45bb-9766-cc326314d9f1,17.47805055599747,6.592451933866515e-05,3.7718462438045536e-06,5.294038327644112,0.0,10.0,4.898454335427321e-05,0.0,4.854689008888171e-05,9.753143344315492e-05,0.0,Indonesia,IDN,west java,,,Linux-6.8.0-90-generic-x86_64-with-glibc2.39,3.14.7,3.2.7,8,11th Gen Intel(R) Core(TM) i7-1165G7 @ 2.80GHz,0,,106.9618,-6.2354,15.295108795166016,machine,19.01764705882353,0,39.17058823529412,5.989835402544807,N,1.0,0.0
2026-08-18T00:10:22,postgres_point_read_480p,771394bd-07a0-40ea-a2b0-49d24d441060,5b0fa12a-3dd7-45bb-9766-cc326314d9f1,0.0328849899997294,1.279567358031042e-07,3.891037698480583e-06,10.860584221107178,0.0,10.0,9.885980130353025e-08,0.0,9.044463332530641e-08,1.8930443462883665e-07,0.0,Indonesia,IDN,west java,,,Linux-6.8.0-90-generic-x86_64-with-glibc2.39,3.14.7,3.2.7,8,11th Gen Intel(R) Core(TM) i7-1165G7 @ 2.80GHz,0,,106.9618,-6.2354,15.295108795166016,machine,0.0,0,0.0,0.0,N,1.0,0.0
2026-08-18T00:11:54,postgres_insert_720p,731dbe4b-9ace-42b1-9e18-81fd53791179,5b0fa12a-3dd7-45bb-9766-cc326314d9f1,87.2087647360022,0.0003142621740081,3.6035618089473607e-06,7.7979213811768995,0.0,10.0,0.0002226921570424,0.0,0.0002422401718611,0.0004649323289035,0.0,Indonesia,IDN,jakarta,,,Linux-6.8.0-90-generic-x86_64-with-glibc2.39,3.14.7,3.2.7,8,11th Gen Intel(R) Core(TM) i7-1165G7 @ 2.80GHz,0,,106.818,-6.1992,15.295108795166016,machine,16.16206896551724,0,43.35747126436782,6.631920343157889,N,1.0,0.0
2026-08-18T00:12:36,postgres_retrieve_720p,e83cfdec-d2af-4b8c-8c30-d30032f1702b,5b0fa12a-3dd7-45bb-9766-cc326314d9f1,38.83884385000056,0.0001416028394008,3.645907688388528e-06,6.573172372143275,0.0,10.0,0.0001016115560114,0.0,0.0001078814830722,0.0002094930390836,0.0,Indonesia,IDN,west java,,,Linux-6.8.0-90-generic-x86_64-with-glibc2.39,3.14.7,3.2.7,8,11th Gen Intel(R) Core(TM) i7-1165G7 @ 2.80GHz,0,,106.9618,-6.2354,15.295108795166016,machine,21.902631578947368,0,41.46578947368421,6.343803506148489,N,1.0,0.0
2026-08-18T00:12:39,postgres_point_read_720p,418da08f-079c-4971-9eea-35bb398d2101,5b0fa12a-3dd7-45bb-9766-cc326314d9f1,0.0523512409999966,1.915779386280881e-07,3.6594727263122623e-06,9.58239124065427,0.0,10.0,1.3899038897591256e-07,0.0,1.444378583275668e-07,2.834282473034793e-07,0.0,Indonesia,IDN,west java,,,Linux-6.8.0-90-generic-x86_64-with-glibc2.39,3.14.7,3.2.7,8,11th Gen Intel(R) Core(TM) i7-1165G7 @ 2.80GHz,0,,106.9618,-6.2354,15.295108795166016,machine,0.0,0,0.0,0.0,N,1.0,0.0
2026-08-18T00:16:12,postgres_insert_1080p,4a924b38-574e-4d39-acdd-df1ef8df2b18,5b0fa12a-3dd7-45bb-9766-cc326314d9f1,209.02759354199952,0.0007479407420212,3.578191421272781e-06,8.463349399300824,0.0,10.0,0.0005259190776793,0.0,0.0005806150833833,0.0011065341610627,0.0,Indonesia,IDN,west java,,,Linux-6.8.0-90-generic-x86_64-with-glibc2.39,3.14.7,3.2.7,8,11th Gen Intel(R) Core(TM) i7-1165G7 @ 2.80GHz,0,,106.9618,-6.2354,15.295108795166016,machine,16.48701923076923,0,50.63413461538461,7.745456695556641,N,1.0,0.0
2026-08-18T00:18:06,postgres_retrieve_1080p,b5083ce9-5f7c-4d20-bd48-c38f2e1ad55b,5b0fa12a-3dd7-45bb-9766-cc326314d9f1,109.66934135100018,0.0003912430845859,3.567479112815934e-06,7.958084031975764,0.0,10.0,0.0002741957354675,0.0,0.000304625304825,0.0005788210402925,0.0,Indonesia,IDN,jakarta,,,Linux-6.8.0-90-generic-x86_64-with-glibc2.39,3.14.7,3.2.7,8,11th Gen Intel(R) Core(TM) i7-1165G7 @ 2.80GHz,0,,106.818,-6.1992,15.295108795166016,machine,32.4256880733945,0,48.93853211009174,7.486280388788345,N,1.0,0.0
2026-08-18T00:18:09,postgres_point_read_1080p,d6a4b5de-f37b-4cdb-a725-f9a23bfc3b28,5b0fa12a-3dd7-45bb-9766-cc326314d9f1,0.0654695339981117,2.583864330571924e-07,3.946666751357124e-06,11.12330488613006,0.0,10.0,2.0170377247608065e-07,0.0,1.805636972171164e-07,3.82267469693197e-07,0.0,Indonesia,IDN,west java,,,Linux-6.8.0-90-generic-x86_64-with-glibc2.39,3.14.7,3.2.7,8,11th Gen Intel(R) Core(TM) i7-1165G7 @ 2.80GHz,0,,106.9618,-6.2354,15.295108795166016,machine,0.0,0,0.0,0.0,N,1.0,0.0
2026-08-18T00:19:40,postgres_minio_insert_360p,dcaf4ee4-37f3-4b44-849a-cb4d12b7225e,5b0fa12a-3dd7-45bb-9766-cc326314d9f1,77.76754683300169,0.0002767542259983,3.5587367387669527e-06,7.560863486174647,0.0,10.0,0.0001934646422715,0.0,0.0002159768924388,0.0004094415347104,0.0,Indonesia,IDN,jakarta,,,Linux-6.8.0-90-generic-x86_64-with-glibc2.39,3.14.7,3.2.7,8,11th Gen Intel(R) Core(TM) i7-1165G7 @ 2.80GHz,0,,106.818,-6.1992,15.295108795166016,machine,8.416883116883117,0,39.274025974025975,6.006277208204393,N,1.0,0.0
2026-08-18T00:20:01,postgres_minio_retrieve_360p,cdcd599a-123f-4779-82ab-c4abca6dea3f,5b0fa12a-3dd7-45bb-9766-cc326314d9f1,17.330756029998156,6.576805441684357e-05,3.7948750939084433e-06,5.354065408877181,0.0,10.0,4.916347766408674e-05,0.0,4.813647516666605e-05,9.72999528307528e-05,0.0,Indonesia,IDN,west java,,,Linux-6.8.0-90-generic-x86_64-with-glibc2.39,3.14.7,3.2.7,8,11th Gen Intel(R) Core(TM) i7-1165G7 @ 2.80GHz,0,,106.9618,-6.2354,15.295108795166016,machine,15.617647058823527,0,39.03529411764706,5.972415026496439,N,1.0,0.0
2026-08-18T00:20:04,postgres_minio_point_read_360p,bd7e7bb2-de4b-4045-95f1-01bcc6175956,5b0fa12a-3dd7-45bb-9766-cc326314d9f1,0.0374928330020338,1.3464156984304005e-07,3.591128198707634e-06,9.258760368732691,0.0,10.0,9.604535462087729e-08,0.0,1.0314889722293529e-07,1.9919425184381254e-07,0.0,Indonesia,IDN,jakarta,,,Linux-6.8.0-90-generic-x86_64-with-glibc2.39,3.14.7,3.2.7,8,11th Gen Intel(R) Core(TM) i7-1165G7 @ 2.80GHz,0,,106.818,-6.1992,15.295108795166016,machine,0.0,0,0.0,0.0,N,1.0,0.0
2026-08-18T00:22:17,postgres_minio_insert_480p,bcb7a2a4-1442-4ce8-a0e4-076355988997,5b0fa12a-3dd7-45bb-9766-cc326314d9f1,128.88725092699678,0.0004307013351486,3.341690757238427e-06,7.019166282711028,0.0,10.0,0.0002791884700172,0.0,0.0003580087219277,0.000637197191945,0.0,Indonesia,IDN,jakarta,,,Linux-6.8.0-90-generic-x86_64-with-glibc2.39,3.14.7,3.2.7,8,11th Gen Intel(R) Core(TM) i7-1165G7 @ 2.80GHz,0,,106.818,-6.1992,15.295108795166016,machine,7.51953125,0,39.121875,5.982856392860413,N,1.0,0.0
2026-08-18T00:22:37,postgres_minio_retrieve_480p,8ac3e14f-5b4e-40b7-b550-0c4294db6b4e,5b0fa12a-3dd7-45bb-9766-cc326314d9f1,16.722956546000205,6.984920034489007e-05,4.176845174042899e-06,6.073714795829338,0.0,10.0,5.688749689884698e-05,0.0,4.6450270336107575e-05,0.0001033377672349,0.0,Indonesia,IDN,jakarta,,,Linux-6.8.0-90-generic-x86_64-with-glibc2.39,3.14.7,3.2.7,8,11th Gen Intel(R) Core(TM) i7-1165G7 @ 2.80GHz,0,,106.818,-6.1992,15.295108795166016,machine,17.4625,0,39.0125,5.9688684940338135,N,1.0,0.0
2026-08-18T00:22:41,postgres_minio_point_read_480p,3ed395b2-6bf7-4481-835c-a1e2c9c87f85,5b0fa12a-3dd7-45bb-9766-cc326314d9f1,0.0285207440028898,1.2516960619152837e-07,4.388721632887475e-06,13.522816961323846,0.0,10.0,1.0674341872907168e-07,0.0,7.84376222226355e-08,1.8518104095170722e-07,0.0,Indonesia,IDN,west java,,,Linux-6.8.0-90-generic-x86_64-with-glibc2.39,3.14.7,3.2.7,8,11th Gen Intel(R) Core(TM) i7-1165G7 @ 2.80GHz,0,,106.9618,-6.2354,15.295108795166016,machine,0.0,0,0.0,0.0,N,1.0,0.0
2026-08-18T00:25:37,postgres_minio_insert_720p,5b8e6e77-16ba-42bd-ae63-b90921f91292,5b0fa12a-3dd7-45bb-9766-cc326314d9f1,171.48862579299748,0.0006076863751841,3.5435958062762192e-06,8.1718844370666,0.0,10.0,0.0004226946192665,0.0,0.0004763414882416,0.0008990361075082,0.0,Indonesia,IDN,west java,,,Linux-6.8.0-90-generic-x86_64-with-glibc2.39,3.14.7,3.2.7,8,11th Gen Intel(R) Core(TM) i7-1165G7 @ 2.80GHz,0,,106.9618,-6.2354,15.295108795166016,machine,15.27251461988304,0,39.71286549707602,6.073806918852511,N,1.0,0.0
2026-08-18T00:26:03,postgres_minio_retrieve_720p,07d40f02-7c6d-471d-9102-3280aeff82ab,5b0fa12a-3dd7-45bb-9766-cc326314d9f1,22.96448956600216,8.535727135518659e-05,3.716924389277696e-06,5.408269881600209,0.0,10.0,6.249351499476585e-05,0.0,6.378752753056081e-05,0.0001262810425253,0.0,Indonesia,IDN,jakarta,,,Linux-6.8.0-90-generic-x86_64-with-glibc2.39,3.14.7,3.2.7,8,11th Gen Intel(R) Core(TM) i7-1165G7 @ 2.80GHz,0,,106.818,-6.1992,15.295108795166016,machine,20.945454545454545,0,39.84090909090909,6.093387430364436,N,1.0,0.0
2026-08-18T00:26:06,postgres_minio_point_read_720p,52f27102-bee2-4488-9d5f-d18ecfed0b61,5b0fa12a-3dd7-45bb-9766-cc326314d9f1,0.0363691580023441,1.5719394654534706e-07,4.322177228717118e-06,13.13995535492129,0.0,10.0,1.3234427254094072e-07,0.0,1.0021488889025125e-07,2.32559161431192e-07,0.0,Indonesia,IDN,jakarta,,,Linux-6.8.0-90-generic-x86_64-with-glibc2.39,3.14.7,3.2.7,8,11th Gen Intel(R) Core(TM) i7-1165G7 @ 2.80GHz,0,,106.818,-6.1992,15.295108795166016,machine,0.0,0,0.0,0.0,N,1.0,0.0
2026-08-18T00:30:34,postgres_minio_insert_1080p,c0b473f8-360d-49d3-aca1-0a2809018fad,5b0fa12a-3dd7-45bb-9766-cc326314d9f1,263.62892728299994,0.000928121134089,3.5205587780310946e-06,8.34809270518574,0.0,10.0,0.0006408256440489,0.0,0.0007322747672194,0.0013731004112684,0.0,Indonesia,IDN,west java,,,Linux-6.8.0-90-generic-x86_64-with-glibc2.39,3.14.7,3.2.7,8,11th Gen Intel(R) Core(TM) i7-1165G7 @ 2.80GHz,0,,106.9618,-6.2354,15.295108795166016,machine,11.93764258555133,0,39.06311787072244,5.974617221962816,N,1.0,0.0
2026-08-18T00:31:10,postgres_minio_retrieve_1080p,f57c55dd-8cf6-4927-a9ca-df12820e1703,5b0fa12a-3dd7-45bb-9766-cc326314d9f1,32.95342440699824,0.000125474586553,3.80763422348228e-06,7.14947727333945,0.0,10.0,9.410199028153654e-05,0.0,9.153025110556176e-05,0.000185632241387,0.0,Indonesia,IDN,west java,,,Linux-6.8.0-90-generic-x86_64-with-glibc2.39,3.14.7,3.2.7,8,11th Gen Intel(R) Core(TM) i7-1165G7 @ 2.80GHz,0,,106.9618,-6.2354,15.295108795166016,machine,33.15,0,38.70625,5.920309901237488,N,1.0,0.0
2026-08-18T00:31:14,postgres_minio_point_read_1080p,a60fe73e-4f96-43c5-b3ad-d00902bd3ef7,5b0fa12a-3dd7-45bb-9766-cc326314d9f1,0.0444195790005323,2.3823925870525546e-07,5.363383986651473e-06,18.76530785837604,0.0,10.0,2.304921288415196e-07,0.0,1.219687861117159e-07,3.524609149532356e-07,0.0,Indonesia,IDN,jakarta,,,Linux-6.8.0-90-generic-x86_64-with-glibc2.39,3.14.7,3.2.7,8,11th Gen Intel(R) Core(TM) i7-1165G7 @ 2.80GHz,0,,106.818,-6.1992,15.295108795166016,machine,0.0,0,0.0,0.0,N,1.0,0.0
2026-08-18T00:31:30,mongodb_insert_360p,6871f571-7687-4eab-a3f8-7c6e9307aa5f,5b0fa12a-3dd7-45bb-9766-cc326314d9f1,4.162798389999807,1.9581511105808814e-05,4.703929729782019e-06,3.0108939818602063,0.0,10.0,1.740743337037831e-05,0.0,1.1562255999999455e-05,2.8969689370377765e-05,0.0,Indonesia,IDN,west java,,,Linux-6.8.0-90-generic-x86_64-with-glibc2.39,3.14.7,3.2.7,8,11th Gen Intel(R) Core(TM) i7-1165G7 @ 2.80GHz,0,,106.9618,-6.2354,15.295108795166016,machine,13.475,0,40.475,6.192780494689941,N,1.0,0.0
2026-08-18T00:31:35,mongodb_retrieve_360p,3e4cfb8b-06de-4974-a934-1c9624831a5f,5b0fa12a-3dd7-45bb-9766-cc326314d9f1,1.5243499169991992,8.513233626043215e-06,5.584829002255712e-06,9.874228140884185,0.0,10.0,8.361377800206182e-06,0.0,4.233448633325073e-06,1.2594826433531255e-05,0.0,Indonesia,IDN,west java,,,Linux-6.8.0-90-generic-x86_64-with-glibc2.39,3.14.7,3.2.7,8,11th Gen Intel(R) Core(TM) i7-1165G7 @ 2.80GHz,0,,106.9618,-6.2354,15.295108795166016,machine,0.0,0,42.0,6.428291320800781,N,1.0,0.0
2026-08-18T00:31:38,mongodb_point_read_360p,3aa3a63e-b056-4404-986e-1b7d0fb400cc,5b0fa12a-3dd7-45bb-9766-cc326314d9f1,0.0163087100008851,5.3625622624114256e-08,3.288158451600625e-06,7.843840293532183,0.0,10.0,3.514613923505383e-08,0.0,4.4189802782865527e-08,7.933594201791937e-08,0.0,Indonesia,IDN,west java,,,Linux-6.8.0-90-generic-x86_64-with-glibc2.39,3.14.7,3.2.7,8,11th Gen Intel(R) Core(TM) i7-1165G7 @ 2.80GHz,0,,106.9618,-6.2354,15.295108795166016,machine,0.0,0,0.0,0.0,N,1.0,0.0
2026-08-18T00:31:54,mongodb_insert_480p,f8e3347e-1815-4ced-b215-71ed8da12d57,5b0fa12a-3dd7-45bb-9766-cc326314d9f1,11.800300586000958,4.890977191178831e-05,4.1447903428673164e-06,1.0063067378958557,0.0,10.0,3.958182249875347e-05,0.0,3.277729686666741e-05,7.235911936542088e-05,0.0,Indonesia,IDN,jakarta,,,Linux-6.8.0-90-generic-x86_64-with-glibc2.39,3.14.7,3.2.7,8,11th Gen Intel(R) Core(TM) i7-1165G7 @ 2.80GHz,0,,106.818,-6.1992,15.295108795166016,machine,10.69090909090909,0,43.95454545454545,6.722513025457209,N,1.0,0.0
2026-08-18T00:32:02,mongodb_retrieve_480p,a402aec2-f7dc-4943-b4ff-7185d86a6688,5b0fa12a-3dd7-45bb-9766-cc326314d9f1,4.69758639200154,2.042749863744844e-05,4.348509411605461e-06,2.632360066863591,0.0,10.0,1.7173923183566586e-05,0.0,1.304735478333896e-05,3.0221277966905547e-05,0.0,Indonesia,IDN,jakarta,,,Linux-6.8.0-90-generic-x86_64-with-glibc2.39,3.14.7,3.2.7,8,11th Gen Intel(R) Core(TM) i7-1165G7 @ 2.80GHz,0,,106.818,-6.1992,15.295108795166016,machine,8.525,0,45.275,6.923218727111816,N,1.0,0.0
2026-08-18T00:32:05,mongodb_point_read_480p,b3057177-e76c-4e9c-a199-b57d33919efb,5b0fa12a-3dd7-45bb-9766-cc326314d9f1,0.028266680001252,7.674172194962504e-08,2.7149181278532072e-06,4.695644162369847,0.0,10.0,3.6587251492359314e-08,0.0,7.694759444550274e-08,1.1353484593786205e-07,0.0,Indonesia,IDN,west java,,,Linux-6.8.0-90-generic-x86_64-with-glibc2.39,3.14.7,3.2.7,8,11th Gen Intel(R) Core(TM) i7-1165G7 @ 2.80GHz,0,,106.9618,-6.2354,15.295108795166016,machine,0.0,0,0.0,0.0,N,1.0,0.0
2026-08-18T00:33:00,mongodb_insert_720p,15688d42-e17f-44bb-b940-aadf1efef376,5b0fa12a-3dd7-45bb-9766-cc326314d9f1,50.3806753300014,0.0001844824630269,3.661770347827536e-06,7.334742610250695,0.0,10.0,0.0001329900647252,0.0,0.0001399408454222,0.0002729309101475,0.0,Indonesia,IDN,west java,,,Linux-6.8.0-90-generic-x86_64-with-glibc2.39,3.14.7,3.2.7,8,11th Gen Intel(R) Core(TM) i7-1165G7 @ 2.80GHz,0,,106.9618,-6.2354,15.295108795166016,machine,10.724,0,47.962,7.335750274658203,N,1.0,0.0
2026-08-18T00:33:16,mongodb_retrieve_720p,1bbddebc-5bc4-4d66-b250-6f0977adcddb,5b0fa12a-3dd7-45bb-9766-cc326314d9f1,12.742052205001528,4.9254953607319526e-05,3.865543227643182e-06,0.8144867552527058,0.0,10.0,3.747645248113746e-05,0.0,3.5393342819447246e-05,7.28697953005847e-05,0.0,Indonesia,IDN,west java,,,Linux-6.8.0-90-generic-x86_64-with-glibc2.39,3.14.7,3.2.7,8,11th Gen Intel(R) Core(TM) i7-1165G7 @ 2.80GHz,0,,106.9618,-6.2354,15.295108795166016,machine,14.783333333333331,0,49.54166666666666,7.579031944274902,N,1.0,0.0
2026-08-18T00:33:19,mongodb_point_read_720p,4c05b8d9-f6fa-4096-886d-b5d922b6ab87,5b0fa12a-3dd7-45bb-9766-cc326314d9f1,0.0357345400007034,1.2122810718395525e-07,3.392463067429129e-06,8.188128070231565,0.0,10.0,8.100700925328663e-08,0.0,9.834281666674845e-08,1.793498259200351e-07,0.0,Indonesia,IDN,jakarta,,,Linux-6.8.0-90-generic-x86_64-with-glibc2.39,3.14.7,3.2.7,8,11th Gen Intel(R) Core(TM) i7-1165G7 @ 2.80GHz,0,,106.818,-6.1992,15.295108795166016,machine,0.0,0,0.0,0.0,N,1.0,0.0
2026-08-18T00:35:04,mongodb_insert_1080p,a8b90e32-67a3-4c07-b4ed-e42b7f3d3eb5,5b0fa12a-3dd7-45bb-9766-cc326314d9f1,101.06263933000082,0.0003646489363151,3.608147765906832e-06,8.009269105683126,0.0,10.0,0.0002587595647852,0.0,0.0002807170035555,0.0005394765683408,0.0,Indonesia,IDN,west java,,,Linux-6.8.0-90-generic-x86_64-with-glibc2.39,3.14.7,3.2.7,8,11th Gen Intel(R) Core(TM) i7-1165G7 @ 2.80GHz,0,,106.9618,-6.2354,15.295108795166016,machine,25.579,0,48.611,7.434642105102539,N,1.0,0.0
2026-08-18T00:35:47,mongodb_retrieve_1080p,7e27133a-c7b9-401b-a93b-0c1b9bc9645e,5b0fa12a-3dd7-45bb-9766-cc326314d9f1,39.62763366800209,0.0001442457579002,3.640029558885792e-06,6.558614668757058,0.0,10.0,0.0001033299471083,0.0,0.0001100731338277,0.0002134030809361,0.0,Indonesia,IDN,jakarta,,,Linux-6.8.0-90-generic-x86_64-with-glibc2.39,3.14.7,3.2.7,8,11th Gen Intel(R) Core(TM) i7-1165G7 @ 2.80GHz,0,,106.818,-6.1992,15.295108795166016,machine,13.558974358974355,0,53.84871794871795,8.237037854316908,N,1.0,0.0
2026-08-18T00:35:51,mongodb_point_read_1080p,e9af26b9-e2a3-4ac4-aa6c-a3c45053fa88,5b0fa12a-3dd7-45bb-9766-cc326314d9f1,0.0468195809989993,2.061027261957467e-07,4.402062594284042e-06,13.544416008289264,0.0,10.0,1.757301405780343e-07,0.0,1.2918667222644828e-07,3.049168128044825e-07,0.0,Indonesia,IDN,west java,,,Linux-6.8.0-90-generic-x86_64-with-glibc2.39,3.14.7,3.2.7,8,11th Gen Intel(R) Core(TM) i7-1165G7 @ 2.80GHz,0,,106.9618,-6.2354,15.295108795166016,machine,0.0,0,0.0,0.0,N,1.0,0.0
2026-08-18T00:53:19,postgres_insert_1440p,d464d897-17c7-4df4-ba88-8e9d396de29c,5b0fa12a-3dd7-45bb-9766-cc326314d9f1,525.8091206380013,0.0018887031993595,3.5919939864638417e-06,8.880889311762143,0.0,10.0,0.0013336928397311,0.0,0.0014605320136333,0.0027942248533645,0.0,Indonesia,IDN,west java,,,Linux-6.8.0-90-generic-x86_64-with-glibc2.39,3.14.7,3.2.7,8,11th Gen Intel(R) Core(TM) i7-1165G7 @ 2.80GHz,0,,106.9618,-6.2354,15.295108795166016,machine,11.211809523809524,0,60.26361904761905,9.218913029261998,N,1.0,0.0
2026-08-18T00:56:26,postgres_retrieve_1440p,ad1902fc-a712-4570-b646-02093bce738b,5b0fa12a-3dd7-45bb-9766-cc326314d9f1,183.8548873850013,0.0006569396332864,3.573142072153709e-06,8.388926393295973,0.0,10.0,0.0004614042513453,0.0,0.0005104991430639,0.0009719033944092,0.0,Indonesia,IDN,jakarta,,,Linux-6.8.0-90-generic-x86_64-with-glibc2.39,3.14.7,3.2.7,8,11th Gen Intel(R) Core(TM) i7-1165G7 @ 2.80GHz,0,,106.818,-6.1992,15.295108795166016,machine,29.614754098360656,0,55.57431693989072,8.500210037648353,N,1.0,0.0
2026-08-18T00:56:30,postgres_point_read_1440p,e130eeab-ed03-4258-a9b8-09ed0d5a0b74,5b0fa12a-3dd7-45bb-9766-cc326314d9f1,0.0868834670000069,4.172383734176457e-07,4.802275827892691e-06,15.658313873507211,0.0,10.0,3.7716252395542105e-07,0.0,2.401170111119831e-07,6.172795350674041e-07,0.0,Indonesia,IDN,jakarta,,,Linux-6.8.0-90-generic-x86_64-with-glibc2.39,3.14.7,3.2.7,8,11th Gen Intel(R) Core(TM) i7-1165G7 @ 2.80GHz,0,,106.818,-6.1992,15.295108795166016,machine,0.0,0,0.0,0.0,N,1.0,0.0
2026-08-18T01:17:30,postgres_insert_4k,b27ff636-6cac-4879-b238-a94460c5f1db,5b0fa12a-3dd7-45bb-9766-cc326314d9f1,1255.2627501409988,0.0044009236141868,3.505978022284553e-06,8.592632021114573,0.0,10.0,0.0030250917725714,0.0,0.0034858148350361,0.0065109066076075,0.0,Indonesia,IDN,west java,,,Linux-6.8.0-90-generic-x86_64-with-glibc2.39,3.14.7,3.2.7,8,11th Gen Intel(R) Core(TM) i7-1165G7 @ 2.80GHz,0,,106.9618,-6.2354,15.295108795166016,machine,11.408938547486033,0,76.183160415004,11.655343761276647,N,1.0,0.0
2026-08-18T01:23:35,postgres_retrieve_4k,5aeca3c1-94e2-47c5-bb9f-7105cbad79a3,5b0fa12a-3dd7-45bb-9766-cc326314d9f1,361.4022189419993,0.0012938988582945,3.580218356385248e-06,8.738172373971238,0.0,10.0,0.0009109771123922,0.0,0.0010032698422444,0.0019142469546366,0.0,Indonesia,IDN,west java,,,Linux-6.8.0-90-generic-x86_64-with-glibc2.39,3.14.7,3.2.7,8,11th Gen Intel(R) Core(TM) i7-1165G7 @ 2.80GHz,0,,106.9618,-6.2354,15.295108795166016,machine,17.511944444444445,0,62.61722222222223,9.577498234642876,N,1.0,0.0
2026-08-18T01:23:38,postgres_point_read_4k,c4da97ae-af24-49b0-9928-fdaf847072bc,5b0fa12a-3dd7-45bb-9766-cc326314d9f1,0.1768796400028804,8.532850097738714e-07,4.824099651943976e-06,15.734476645605325,0.0,10.0,7.722967289430782e-07,0.0,4.900880555598835e-07,1.2623847845029616e-06,0.0,Indonesia,IDN,west java,,,Linux-6.8.0-90-generic-x86_64-with-glibc2.39,3.14.7,3.2.7,8,11th Gen Intel(R) Core(TM) i7-1165G7 @ 2.80GHz,0,,106.9618,-6.2354,15.295108795166016,machine,0.0,0,0.0,0.0,N,1.0,0.0
2026-08-18T02:01:19,postgres_insert_5k,c277d3cd-e181-4db4-9860-7005ebbbd9c5,5b0fa12a-3dd7-45bb-9766-cc326314d9f1,2256.043138506997,0.0077295013029334,3.42613187265945e-06,8.209939288865485,0.0,10.0,0.0051722316669486,0.0,0.0062631090748333,0.011435340741782,0.0,Indonesia,IDN,west java,,,Linux-6.8.0-90-generic-x86_64-with-glibc2.39,3.14.7,3.2.7,8,11th Gen Intel(R) Core(TM) i7-1165G7 @ 2.80GHz,0,,106.9618,-6.2354,15.295108795166016,machine,7.754775655264327,0,85.41155042203465,13.068122348590514,N,1.0,0.0
2026-08-18T02:12:43,postgres_retrieve_5k,09394352-568e-4f33-927d-c94985db4383,5b0fa12a-3dd7-45bb-9766-cc326314d9f1,679.9404371370001,0.0024269517849962,3.569359391559792e-06,8.83321441932883,0.0,10.0,0.0017026457257266,0.0,0.0018878861258917,0.0035905318516183,0.0,Indonesia,IDN,jakarta,,,Linux-6.8.0-90-generic-x86_64-with-glibc2.39,3.14.7,3.2.7,8,11th Gen Intel(R) Core(TM) i7-1165G7 @ 2.80GHz,0,,106.818,-6.1992,15.295108795166016,machine,16.227769571639588,0,64.47710487444608,9.861578086278287,N,1.0,0.0
2026-08-18T02:12:46,postgres_point_read_5k,54afd0e9-940e-480a-9b6d-2c02327cf6cf,5b0fa12a-3dd7-45bb-9766-cc326314d9f1,0.2476939939988369,1.195255087360649e-06,4.825531164741369e-06,15.726950733745715,0.0,10.0,1.081253087231726e-06,0.0,6.870562333359785e-07,1.7683093205677046e-06,0.0,Indonesia,IDN,west java,,,Linux-6.8.0-90-generic-x86_64-with-glibc2.39,3.14.7,3.2.7,8,11th Gen Intel(R) Core(TM) i7-1165G7 @ 2.80GHz,0,,106.9618,-6.2354,15.295108795166016,machine,0.0,0,0.0,0.0,N,1.0,0.0
2026-08-18T03:07:11,postgres_insert_6k,9223bbb2-f628-412e-853e-cb53be90e081,5b0fa12a-3dd7-45bb-9766-cc326314d9f1,3260.278217354,0.0111976265798446,3.434561664167579e-06,8.277463870479913,0.0,10.0,0.0075208960850453,0.0,0.0090453312071555,0.0165662272922009,0.0,Indonesia,IDN,jakarta,,,Linux-6.8.0-90-generic-x86_64-with-glibc2.39,3.14.7,3.2.7,8,11th Gen Intel(R) Core(TM) i7-1165G7 @ 2.80GHz,0,,106.818,-6.1992,15.295108795166016,machine,7.752482269503546,0,91.87391304347824,14.058359988927474,N,1.0,0.0
2026-08-18T03:23:10,postgres_retrieve_6k,1a4f4e88-a695-476b-9305-0129204fa312,5b0fa12a-3dd7-45bb-9766-cc326314d9f1,954.993549191,0.0034074495963096,3.5680341497554743e-06,8.877079469157504,0.0,10.0,0.0023892084074763,0.0,0.002651912056461,0.0050411204639374,0.0,Indonesia,IDN,west java,,,Linux-6.8.0-90-generic-x86_64-with-glibc2.39,3.14.7,3.2.7,8,11th Gen Intel(R) Core(TM) i7-1165G7 @ 2.80GHz,0,,106.9618,-6.2354,15.295108795166016,machine,15.613684210526316,0,60.852,9.30724419041684,N,1.0,0.0
2026-08-18T03:23:14,postgres_point_read_6k,260b89d6-1ded-484b-a350-8054a6612bc5,5b0fa12a-3dd7-45bb-9766-cc326314d9f1,0.3100815910001984,1.6210712578517453e-06,5.227886159326073e-06,17.86879895831598,0.0,10.0,1.5380492860012085e-06,0.0,8.602299138753248e-07,2.398279199876533e-06,0.0,Indonesia,IDN,west java,,,Linux-6.8.0-90-generic-x86_64-with-glibc2.39,3.14.7,3.2.7,8,11th Gen Intel(R) Core(TM) i7-1165G7 @ 2.80GHz,0,,106.9618,-6.2354,15.295108795166016,machine,0.0,0,0.0,0.0,N,1.0,0.0
2026-08-18T03:30:31,postgres_minio_insert_1440p,37b93960-9b16-44c4-894b-7bbf34d71f81,5b0fa12a-3dd7-45bb-9766-cc326314d9f1,426.693425368001,0.0012738883636069,2.9854886151768253e-06,5.717523077509051,0.0,10.0,0.0006994209017584,0.0,0.0011852217076305,0.001884642609389,0.0,Indonesia,IDN,west java,,,Linux-6.8.0-90-generic-x86_64-with-glibc2.39,3.14.7,3.2.7,8,11th Gen Intel(R) Core(TM) i7-1165G7 @ 2.80GHz,0,,106.9618,-6.2354,15.295108795166016,machine,5.659859154929578,0,35.117370892018776,5.371127419628448,N,1.0,0.0
2026-08-18T03:31:06,postgres_minio_retrieve_1440p,6208e55f-ad6f-4443-9721-117cd83f54cb,5b0fa12a-3dd7-45bb-9766-cc326314d9f1,31.592177717000595,0.0001315299336339,4.163370275142401e-06,8.457778021107886,0.0,10.0,0.0001068388182487,0.0,8.775195156942775e-05,0.0001945907698181,0.0,Indonesia,IDN,west java,,,Linux-6.8.0-90-generic-x86_64-with-glibc2.39,3.14.7,3.2.7,8,11th Gen Intel(R) Core(TM) i7-1165G7 @ 2.80GHz,0,,106.9618,-6.2354,15.295108795166016,machine,23.68064516129032,0,35.19677419354839,5.38127923780872,N,1.0,0.0
2026-08-18T03:31:10,postgres_minio_point_read_1440p,8c3dd264-28a3-42c0-ae64-509956a536fe,5b0fa12a-3dd7-45bb-9766-cc326314d9f1,0.0411512480059172,1.5912285474528564e-07,3.866780777156619e-06,10.732928956053204,0.0,10.0,1.2220593109679714e-07,0.0,1.1320693611196477e-07,2.354128672087619e-07,0.0,Indonesia,IDN,jakarta,,,Linux-6.8.0-90-generic-x86_64-with-glibc2.39,3.14.7,3.2.7,8,11th Gen Intel(R) Core(TM) i7-1165G7 @ 2.80GHz,0,,106.818,-6.1992,15.295108795166016,machine,0.0,0,0.0,0.0,N,1.0,0.0
2026-08-18T03:42:12,postgres_minio_insert_4k,77be04e7-6139-436f-8372-2dd4ce58a387,5b0fa12a-3dd7-45bb-9766-cc326314d9f1,657.9739317010026,0.002186007921055,3.3223321103372218e-06,7.533278788023606,0.0,10.0,0.0014064292229202,0.0,0.0018276404100083,0.0032340696329286,0.0,Indonesia,IDN,west java,,,Linux-6.8.0-90-generic-x86_64-with-glibc2.39,3.14.7,3.2.7,8,11th Gen Intel(R) Core(TM) i7-1165G7 @ 2.80GHz,0,,106.9618,-6.2354,15.295108795166016,machine,7.3604261796042625,0,35.57579908675799,5.441270883406316,N,1.0,0.0
2026-08-18T03:43:39,postgres_minio_retrieve_4k,cb6858eb-d27b-4ca5-b2fc-0dcd60430f83,5b0fa12a-3dd7-45bb-9766-cc326314d9f1,83.1670724450014,0.0003008174645734,3.6170260143803737e-06,7.850184896407014,0.0,10.0,0.0002140395912315,0.0,0.0002310020839889,0.0004450416752204,0.0,Indonesia,IDN,west java,,,Linux-6.8.0-90-generic-x86_64-with-glibc2.39,3.14.7,3.2.7,8,11th Gen Intel(R) Core(TM) i7-1165G7 @ 2.80GHz,0,,106.9618,-6.2354,15.295108795166016,machine,30.55060240963856,0,35.26144578313253,5.391462762671781,N,1.0,0.0
2026-08-18T03:43:42,postgres_minio_point_read_4k,93d3c0b4-4295-41c8-b2cf-bc54ae343a71,5b0fa12a-3dd7-45bb-9766-cc326314d9f1,0.0479302819949225,2.427499095647132e-07,5.06464597037899e-06,17.08928785754727,0.0,10.0,2.2693184821565018e-07,0.0,1.322023083250517e-07,3.591341565407019e-07,0.0,Indonesia,IDN,west java,,,Linux-6.8.0-90-generic-x86_64-with-glibc2.39,3.14.7,3.2.7,8,11th Gen Intel(R) Core(TM) i7-1165G7 @ 2.80GHz,0,,106.9618,-6.2354,15.295108795166016,machine,0.0,0,0.0,0.0,N,1.0,0.0
2026-08-18T04:05:23,postgres_minio_insert_5k,40e697ca-4342-4033-980f-23252b2f673e,5b0fa12a-3dd7-45bb-9766-cc326314d9f1,1296.5481735709982,0.0040235426059654,3.10327274217948e-06,6.4527783352465455,0.0,10.0,0.0023511860306695,0.0,0.0036014076600554,0.005952593690725,0.0,Indonesia,IDN,west java,,,Linux-6.8.0-90-generic-x86_64-with-glibc2.39,3.14.7,3.2.7,8,11th Gen Intel(R) Core(TM) i7-1165G7 @ 2.80GHz,0,,106.9618,-6.2354,15.295108795166016,machine,5.245791505791506,0,35.723861003861,5.463877397338396,N,1.0,0.0
2026-08-18T04:08:44,postgres_minio_retrieve_5k,9e6d356f-fc47-4751-ac72-2998d89f61e8,5b0fa12a-3dd7-45bb-9766-cc326314d9f1,197.4396293270038,0.0007147593795611,3.6201414173915648e-06,8.667447550742088,0.0,10.0,0.0005090147258225,0.0,0.0005484295688778,0.0010574442947003,0.0,Indonesia,IDN,west java,,,Linux-6.8.0-90-generic-x86_64-with-glibc2.39,3.14.7,3.2.7,8,11th Gen Intel(R) Core(TM) i7-1165G7 @ 2.80GHz,0,,106.9618,-6.2354,15.295108795166016,machine,12.825888324873096,0,35.71472081218274,5.462017349785355,N,1.0,0.0
2026-08-18T04:08:48,postgres_minio_point_read_5k,cfa01593-def2-4fb4-bf2f-035e9c643408,5b0fa12a-3dd7-45bb-9766-cc326314d9f1,0.0610232150065712,2.569152839526793e-07,4.210123703331813e-06,12.502876819452904,0.0,10.0,2.1152016922709738e-07,0.0,1.6857082223901268e-07,3.800909914661101e-07,0.0,Indonesia,IDN,jakarta,,,Linux-6.8.0-90-generic-x86_64-with-glibc2.39,3.14.7,3.2.7,8,11th Gen Intel(R) Core(TM) i7-1165G7 @ 2.80GHz,0,,106.818,-6.1992,15.295108795166016,machine,0.0,0,0.0,0.0,N,1.0,0.0
2026-08-18T04:34:41,postgres_minio_insert_6k,2423d0d7-bf6e-40e3-82dc-715d8fa63a61,5b0fa12a-3dd7-45bb-9766-cc326314d9f1,1548.009763750997,0.0046592366456485,3.0098238103864856e-06,5.977337439380781,0.0,10.0,0.0025931924914967,0.0,0.0042998729924779,0.0068930654839747,0.0,Indonesia,IDN,west java,,,Linux-6.8.0-90-generic-x86_64-with-glibc2.39,3.14.7,3.2.7,8,11th Gen Intel(R) Core(TM) i7-1165G7 @ 2.80GHz,0,,106.9618,-6.2354,15.295108795166016,machine,5.158629605688429,0,35.75979314802844,5.469451919092081,N,1.0,0.0
2026-08-18T04:39:27,postgres_minio_retrieve_6k,eae136d3-f02f-4afc-a92c-03c0cb6f2436,5b0fa12a-3dd7-45bb-9766-cc326314d9f1,282.2774881179939,0.0010192670902729,3.6108692091198298e-06,8.790068491507459,0.0,10.0,0.000723861522422,0.0,0.0007840839487472,0.0015079454711693,0.0,Indonesia,IDN,jakarta,,,Linux-6.8.0-90-generic-x86_64-with-glibc2.39,3.14.7,3.2.7,8,11th Gen Intel(R) Core(TM) i7-1165G7 @ 2.80GHz,0,,106.8451,-6.2146,15.295108795166016,machine,10.809929078014184,0,35.64929078014185,5.451403475822287,N,1.0,0.0
2026-08-18T04:39:32,postgres_minio_point_read_6k,46463017-56cd-40f7-a802-401049865c2e,5b0fa12a-3dd7-45bb-9766-cc326314d9f1,0.0688375170066137,3.593787318278132e-07,5.2206812136074685e-06,17.885304199786884,0.0,10.0,3.413891619999908e-07,0.0,1.9029045001338498e-07,5.316796120133758e-07,0.0,Indonesia,IDN,jakarta,,,Linux-6.8.0-90-generic-x86_64-with-glibc2.39,3.14.7,3.2.7,8,11th Gen Intel(R) Core(TM) i7-1165G7 @ 2.80GHz,0,,106.8451,-6.2146,15.295108795166016,machine,0.0,0,0.0,0.0,N,1.0,0.0
2026-08-18T04:45:43,mongodb_insert_1440p,4ce627bd-75dd-48b7-ba56-7608e8b0cd43,5b0fa12a-3dd7-45bb-9766-cc326314d9f1,360.5765538819978,0.0012865276476782,3.5679736628112428e-06,8.69836668374669,0.0,10.0,0.0009017749939194,0.0,0.0010015666898888,0.0019033416838082,0.0,Indonesia,IDN,jakarta,,,Linux-6.8.0-90-generic-x86_64-with-glibc2.39,3.14.7,3.2.7,8,11th Gen Intel(R) Core(TM) i7-1165G7 @ 2.80GHz,0,,106.7922,-6.1926,15.295108795166016,machine,13.681944444444444,0,51.6125,7.89400430255466,N,1.0,0.0
2026-08-18T04:48:30,mongodb_retrieve_1440p,841d67f6-1a08-44c7-ac85-2cabe5307ed4,5b0fa12a-3dd7-45bb-9766-cc326314d9f1,163.40587160199357,0.0005648542548398,3.4567561697887383e-06,7.719885092682094,0.0,10.0,0.0003817818595919,0.0,0.0004538866551527,0.0008356685147446,0.0,Indonesia,IDN,jakarta,,,Linux-6.8.0-90-generic-x86_64-with-glibc2.39,3.14.7,3.2.7,8,11th Gen Intel(R) Core(TM) i7-1165G7 @ 2.80GHz,0,,106.7922,-6.1926,15.295108795166016,machine,10.13926380368098,0,58.14294478527607,8.89464306977629,N,1.0,0.0
2026-08-18T04:48:33,mongodb_point_read_1440p,c1f114d6-af17-4577-9c22-8f53fc63dc2c,5b0fa12a-3dd7-45bb-9766-cc326314d9f1,0.0861290409957291,4.1223415840720164e-07,4.786238806811315e-06,15.554352416352652,0.0,10.0,3.715677972541878e-07,0.0,2.383082972098944e-07,6.098760944640821e-07,0.0,Indonesia,IDN,jakarta,,,Linux-6.8.0-90-generic-x86_64-with-glibc2.39,3.14.7,3.2.7,8,11th Gen Intel(R) Core(TM) i7-1165G7 @ 2.80GHz,0,,106.8376,-6.2056,15.295108795166016,machine,0.0,0,0.0,0.0,N,1.0,0.0
2026-08-18T04:55:49,mongodb_insert_4k,bc151219-ec7b-4892-a430-61b32817e11a,5b0fa12a-3dd7-45bb-9766-cc326314d9f1,431.8883434860036,0.0015393924027103,3.564329591035121e-06,8.71124022876501,0.0,10.0,0.0010791290788581,0.0,0.0011983110780666,0.0022774401569247,0.0,Indonesia,IDN,jakarta,,,Linux-6.8.0-90-generic-x86_64-with-glibc2.39,3.14.7,3.2.7,8,11th Gen Intel(R) Core(TM) i7-1165G7 @ 2.80GHz,0,,106.8376,-6.2056,15.295108795166016,machine,17.034057971014494,0,74.23535108958838,11.35431849408092,N,1.0,0.0
2026-08-18T05:13:40,mongodb_insert_4k,4919e63d-3fe3-4757-889b-a975eeee920b,5b0fa12a-3dd7-45bb-9766-cc326314d9f1,1062.7103927299977,0.0037653098283939803,3.5431194181900042e-06,8.847045537469416,0.0,10.0,0.002635574398457832,0.0,0.0029349791467915757,0.005570553545249412,0.0,Indonesia,IDN,jakarta,,,Linux-6.8.0-90-generic-x86_64-with-glibc2.39,3.14.7,3.2.7,8,11th Gen Intel(R) Core(TM) i7-1165G7 @ 2.80GHz,0,,106.7922,-6.1926,15.295108795166016,machine,13.48776493256262,0,86.98901734104047,13.305162139480974,N,1.0,0.0
